时间	开盘	最高	最低	收盘	涨幅	振幅	总手	金额	换手%	成交次数
2021-06-29,二	32.8	38.68	32.5	34.65	297.36%	70.87%	24,316,562	846,257,400	73.14	92578
2021-06-30,三	33	40.79	32.01	36.9	6.49%	25.34%	22,509,124	820,125,150	67.7	51213
2021-07-01,四	35.5	36.53	30.3	30.9	-16.26%	16.88%	17,141,525	576,005,930	51.56	38525
2021-07-02,五	29.11	29.9	26.79	26.93	-12.85%	10.06%	14,112,835	393,209,520	42.45	28770
2021-07-05,一	26.51	27.95	25.05	26.1	-3.08%	10.77%	11,083,336	292,035,530	33.34	22089
2021-07-06,二	26	31.32	26	31.32	20.00%	20.38%	13,736,889	390,150,910	41.32	22977
2021-07-07,三	31	34.11	30	31	-1.02%	13.12%	17,238,834	550,174,610	51.85	31154
2021-07-08,四	29.92	29.94	27.8	28.19	-9.06%	6.90%	12,388,892	352,951,320	37.26	22611
2021-07-09,五	27.52	28.47	26.88	26.97	-4.33%	5.64%	7,874,636	216,113,380	23.69	13923
2021-07-12,一	26.83	27.88	26.71	27.06	0.33%	4.34%	5,990,829	162,848,250	18.02	11106
2021-07-13,二	26.82	28.37	26.04	27.59	1.96%	8.61%	8,792,509	238,604,900	26.45	14777
2021-07-14,三	27.13	29.1	27.01	27.31	-1.01%	7.58%	7,229,293	202,267,220	21.74	12671
2021-07-15,四	26.97	29	26.2	28.23	3.37%	10.25%	9,368,669	263,617,280	28.18	16059
2021-07-16,五	27.63	28.14	26.58	26.6	-5.77%	5.53%	7,390,833	201,698,970	22.23	13367
2021-07-19,一	26.05	27.4	26.02	27.3	2.63%	5.19%	4,709,295	126,440,181	14.16	8212
2021-07-20,二	27.95	32.3	27.7	29.43	7.80%	16.85%	12,864,809	384,935,140	38.7	23009
2021-07-21,三	29.14	30.59	28.1	29.4	-0.10%	8.46%	10,316,400	301,848,710	31.03	18467
2021-07-22,四	28.6	29.1	27.8	27.8	-5.44%	4.42%	7,196,745	202,964,920	21.65	13358
2021-07-23,五	27.84	28.44	26.63	26.72	-3.88%	6.51%	5,453,612	149,190,810	16.4	10362
2021-07-26,一	26.72	28.18	26.28	28.18	5.46%	7.11%	5,633,016	153,042,200	16.94	10093
2021-07-27,二	28	28.38	26.8	26.93	-4.44%	5.61%	4,887,609	135,079,760	14.7	8492
2021-07-28,三	26.1	26.66	23.5	24.79	-7.95%	11.73%	4,846,119	121,424,356	14.58	8304
2021-07-29,四	24.9	25.66	24.76	24.97	0.73%	3.63%	3,694,026	93,188,609	11.11	6378
2021-07-30,五	24.63	25.75	24.62	24.89	-0.32%	4.53%	3,792,606	95,537,209	11.41	6868
2021-08-02,一	24.6	26.45	24.02	25.87	3.94%	9.76%	4,399,048	110,720,056	13.23	8730
2021-08-03,二	25.33	26.49	24.88	26.27	1.55%	6.22%	5,297,480	136,316,470	15.93	10519
2021-08-04,三	27	27.01	25.61	25.88	-1.48%	5.33%	4,228,963	110,211,375	12.72	8350
2021-08-05,四	25.49	25.79	24.8	24.85	-3.98%	3.83%	3,957,259	99,564,787	11.9	6697
2021-08-06,五	24.86	26.2	24.39	25.39	2.17%	7.28%	5,084,014	129,593,580	15.29	8918
2021-08-09,一	24.81	25.7	24.66	25.7	1.22%	4.10%	3,439,676	86,419,340	10.35	6250
2021-08-10,二	25.48	26.28	25.1	25.25	-1.75%	4.59%	3,666,152	93,877,234	11.03	6578
2021-08-11,三	24.95	25.9	24.8	25.65	1.58%	4.36%	3,669,222	93,564,598	11.04	6812
2021-08-12,四	25.49	26.15	25.11	26.15	1.95%	4.05%	4,597,256	118,276,345	13.83	8688
2021-08-13,五	26.85	28	26.23	26.28	0.50%	6.77%	8,059,449	219,228,160	24.24	13766
2021-08-16,一	25.47	26.89	24.7	26.78	1.90%	8.33%	6,349,125	162,637,090	19.1	10681
2021-08-17,二	26.3	28	26	27.58	2.99%	7.47%	7,489,478	202,932,190	22.53	12867
2021-08-18,三	28.22	29.3	26.72	26.85	-2.65%	9.35%	6,576,787	183,082,140	19.78	11468
2021-08-19,四	26.18	26.45	25.51	25.52	-4.95%	3.50%	4,507,330	117,131,168	13.56	8049
2021-08-20,五	25.4	25.88	24.81	24.88	-2.51%	4.19%	3,139,645	79,154,374	9.44	5948
2021-08-23,一	24.65	26.04	24.51	25.85	3.90%	6.15%	3,389,539	86,931,932	10.2	7289
2021-08-24,二	26.29	26.36	25.57	25.57	-1.08%	3.06%	2,895,737	74,911,543	8.71	6675
2021-08-25,三	25.45	27.5	25.45	27.2	6.37%	8.02%	5,899,864	156,784,830	17.75	11853
2021-08-26,四	27.16	27.16	25.92	25.96	-4.56%	4.56%	4,079,294	108,034,246	12.27	8180
2021-08-27,五	25.48	26.17	25.3	25.58	-1.46%	3.35%	2,804,281	71,926,224	8.43	6888
2021-08-30,一	25.58	25.82	24.48	24.68	-3.52%	5.24%	3,810,368	95,171,071	11.46	8661
2021-08-31,二	24.5	24.79	23.13	23.63	-4.25%	6.73%	3,946,263	94,233,438	11.87	8286
2021-09-01,三	23.33	25.35	23.33	24.78	4.87%	8.55%	4,025,986	98,917,237	12.11	6721
2021-09-02,四	24	24.77	24	24.5	-1.13%	3.11%	2,721,911	66,417,297	8.19	4622
2021-09-03,五	24.81	25.28	24.35	24.95	1.84%	3.80%	3,300,966	82,312,414	9.93	6907
2021-09-06,一	24.7	25.58	24.64	25.5	2.20%	3.77%	2,984,822	75,188,929	8.98	5827
2021-09-07,二	25.69	25.69	25.01	25.14	-1.41%	2.67%	2,392,243	60,305,649	7.2	5490
2021-09-08,三	25.35	25.44	24.93	25.04	-0.40%	2.03%	2,054,823	51,604,650	6.18	4359
2021-09-09,四	24.84	25.19	24.38	24.62	-1.68%	3.23%	2,208,633	54,770,207	6.64	4370
2021-09-10,五	24.62	25.09	24.43	25.03	1.67%	2.68%	1,902,333	47,038,138	5.72	3323
2021-09-13,一	25.1	25.68	24.65	24.81	-0.88%	4.12%	2,556,391	64,387,192	7.69	4784
2021-09-14,二	24.5	27	24.32	25.12	1.25%	10.80%	3,615,053	91,855,787	10.87	5758
2021-09-15,三	24.5	25.5	24.5	24.64	-1.91%	3.98%	2,004,923	49,580,993	6.03	3365
2021-09-16,四	24.75	24.97	24.3	24.3	-1.38%	2.72%	2,006,311	49,356,083	6.03	3202
2021-09-17,五	24.25	24.56	23.55	23.81	-2.02%	4.16%	1,816,615	43,332,990	5.46	3194
2021-09-22,三	23.61	23.79	23.32	23.7	-0.46%	1.97%	1,048,382	24,731,087	3.15	1837
2021-09-23,四	23.8	24.15	23.7	23.81	0.46%	1.90%	1,174,528	28,105,446	3.53	1957
2021-09-24,五	23.72	24.11	23.56	24.09	1.18%	2.31%	1,362,800	32,518,316	4.1	2202
2021-09-27,一	25.2	25.8	24	24.08	-0.04%	7.47%	2,842,679	70,764,460	8.55	4513
2021-09-28,二	23	23.53	22.54	23.07	-4.19%	4.11%	2,110,411	48,680,495	6.35	3572
2021-09-29,三	23.13	23.2	21.81	21.95	-4.85%	6.03%	1,801,439	40,394,266	5.42	3091
2021-09-30,四	22.18	22.59	22.01	22.25	1.37%	2.64%	1,015,997	22,607,383	3.06	1599
2021-10-08,五	22.58	22.86	22.36	22.46	0.94%	2.25%	847,373	19,062,475	2.55	1585
2021-10-11,一	22.52	23.32	22.32	23.02	2.49%	4.45%	1,432,693	32,781,410	4.31	2759
2021-10-12,二	22.81	23	22.15	22.4	-2.69%	3.69%	1,043,251	23,443,132	3.14	2033
2021-10-13,三	22.37	24.18	22.18	23.48	4.82%	8.93%	2,417,488	56,342,897	7.27	3995
2021-10-14,四	23.06	23.29	22.76	23.17	-1.32%	2.26%	1,462,921	33,693,655	4.4	2493
2021-10-15,五	22.92	23.68	22.92	23.1	-0.30%	3.28%	1,067,293	24,836,676	3.21	1957
2021-10-18,一	23.12	26.5	23.11	25.41	10.00%	14.68%	6,098,027	151,837,220	18.34	14441
2021-10-19,二	24.89	25.98	24.8	25.44	0.12%	4.64%	3,864,495	98,310,930	11.62	11205
2021-10-20,三	26.97	27.27	24.65	24.68	-2.99%	10.30%	5,122,245	130,467,633	15.41	11440
2021-10-21,四	24.31	29.62	24.01	29.62	20.02%	22.73%	11,717,953	321,369,920	35.25	17159
2021-10-22,五	29.45	30.19	27.41	27.9	-5.81%	9.39%	10,904,780	308,929,330	32.8	23192
2021-10-25,一	27.02	29.47	26.81	28.68	2.80%	9.53%	9,635,139	273,338,900	28.98	21982
2021-10-26,二	26.61	28.2	26.5	27.28	-4.88%	5.93%	7,195,988	196,087,910	21.64	18008
2021-10-27,三	26.8	28.08	26.6	27.67	1.43%	5.43%	5,859,427	160,121,580	17.62	15139
2021-10-28,四	27.5	27.5	25.01	26.37	-4.70%	9.00%	5,869,346	153,337,390	17.65	13428
2021-10-29,五	26.83	31	26.33	29.84	13.16%	17.71%	10,409,339	296,520,890	31.31	20440
2021-11-01,一	29	29.77	27.77	28.25	-5.33%	6.70%	8,104,546	230,733,980	24.38	24701
2021-11-02,二	27.65	28.72	26.9	27.26	-3.50%	6.44%	4,869,733	134,485,910	14.65	11981
2021-11-03,三	27.11	27.65	26.12	27.06	-0.73%	5.61%	4,894,395	130,296,343	14.72	12142
2021-11-04,四	26.85	27.88	26.8	27.01	-0.18%	3.99%	4,674,833	127,362,270	14.06	11180
2021-11-05,五	26.82	28.5	26.82	27.31	1.11%	6.22%	6,916,166	192,473,830	20.8	19567
2021-11-08,一	27.1	28.79	27.1	28.25	3.44%	6.19%	6,911,465	195,434,580	20.79	15430
2021-11-09,二	28.05	28.98	27.55	28.9	2.30%	5.06%	6,445,403	182,130,680	19.39	13453
2021-11-10,三	29.3	31.59	28.08	30.76	6.44%	12.15%	10,722,601	318,969,060	32.25	19573
2021-11-11,四	32.38	36	31.2	31.53	2.50%	15.60%	11,287,318	372,571,540	33.95	17552
2021-11-12,五	30.67	32.2	30.58	31.35	-0.57%	5.14%	6,609,965	206,725,740	19.88	15389
2021-11-15,一	32.01	36.75	31.66	33.7	7.50%	16.24%	8,799,612	300,238,700	26.47	18406
2021-11-16,二	33.1	33.59	31.3	31.43	-6.74%	6.80%	5,473,718	177,568,530	16.46	13594
2021-11-17,三	30.94	31.78	29.28	30.84	-1.88%	7.95%	7,233,986	217,958,840	21.76	19106
2021-11-18,四	30.71	30.78	28.53	28.9	-6.29%	7.30%	6,170,186	181,740,340	18.56	11418
2021-11-19,五	28.8	29.28	28.3	28.85	-0.17%	3.39%	3,398,537	97,908,573	10.22	7592
2021-11-22,一	29.2	29.32	28.08	28.93	0.28%	4.30%	3,383,645	97,580,546	10.18	7385
2021-11-23,二	28.95	30.07	28.39	29.81	3.04%	5.81%	4,944,042	145,108,930	14.87	10253
2021-11-24,三	29.91	31.31	29.91	31.2	4.66%	4.70%	7,086,590	217,899,820	21.32	15496
2021-11-25,四	31.2	31.3	29.82	29.99	-3.88%	4.74%	4,594,812	140,197,850	13.82	8844
2021-11-26,五	29.8	30.29	29.02	29.02	-3.23%	4.23%	3,032,954	89,681,750	9.12	6433
2021-11-29,一	28.37	29.88	28.29	29.63	2.10%	5.48%	2,856,159	83,507,839	8.59	6392
2021-11-30,二	30.5	31.13	28.91	28.94	-2.33%	7.49%	4,230,193	126,869,065	12.72	8650
2021-12-01,三	28.61	29.78	28.61	29.43	1.69%	4.04%	2,457,688	71,921,365	7.39	5912
2021-12-02,四	29.29	29.49	27.05	27.18	-7.65%	8.29%	4,305,171	119,819,116	12.95	9176
2021-12-03,五	27.2	27.95	27.08	27.18	0.00%	3.20%	1,430,086	39,095,247	4.3	3542
2021-12-06,一	27.5	27.97	26.8	27.24	0.22%	4.30%	2,224,137	60,902,992	6.69	4625
2021-12-07,二	27.35	27.48	26.03	26.15	-4.00%	5.32%	2,422,900	64,075,345	7.29	3938
2021-12-08,三	26.3	28.46	26.3	27.99	7.04%	8.26%	3,173,469	87,041,241	9.55	5679
2021-12-09,四	27.9	29.29	27.76	27.85	-0.50%	5.47%	3,750,236	106,514,047	11.28	6522
2021-12-10,五	27.64	28.1	27.42	27.75	-0.36%	2.44%	1,665,291	46,136,097	5.01	3450
2021-12-13,一	27.79	28.18	27.5	27.85	0.36%	2.45%	1,462,333	40,532,933	4.4	2943
2021-12-14,二	27.89	29.16	27.71	29.05	4.31%	5.21%	3,482,757	99,737,832	10.48	7216
2021-12-15,三	28.9	30.57	28.68	29.9	2.93%	6.51%	4,440,278	131,957,986	13.36	9655
2021-12-16,四	30.49	30.59	29.2	29.7	-0.67%	4.65%	3,112,309	92,603,237	9.36	5855
2021-12-17,五	29.7	29.88	28.79	29.39	-1.04%	3.67%	2,108,288	61,669,196	6.34	4563
2021-12-20,一	29.35	29.35	27.08	27.14	-7.66%	7.72%	3,047,832	85,244,541	9.17	5800
2021-12-21,二	27.58	27.58	26.88	27.4	0.96%	2.58%	1,090,400	29,756,440	3.28	2412
2021-12-22,三	27.22	27.61	27.08	27.3	-0.36%	1.93%	1,199,211	32,775,560	3.61	2647
2021-12-23,四	27.4	27.4	26.1	26.22	-3.96%	4.76%	2,639,377	69,680,164	7.94	5360
2021-12-24,五	26.4	26.77	24.88	24.97	-4.77%	7.21%	2,047,385	52,150,419	6.16	4828
2021-12-27,一	24.91	25.2	24.5	24.67	-1.20%	2.80%	1,100,169	27,260,793	3.31	2495
2021-12-28,二	24.67	25.77	24.6	25.17	2.03%	4.74%	1,373,935	34,620,025	4.13	3208
2021-12-29,三	24.49	25.07	24.21	24.8	-1.47%	3.42%	2,162,288	53,251,554	6.17	10994
2021-12-30,四	24.82	26.99	24.78	26.31	6.09%	8.91%	3,676,540	95,283,178	10.49	9191
2021-12-31,五	26.1	26.2	25.7	25.7	-2.32%	1.90%	1,809,698	46,842,052	5.16	4156
2022-01-04,二	25.9	26.14	25.59	25.91	0.82%	2.14%	1,042,612	26,959,555	2.97	2177
2022-01-05,三	26.07	26.3	25	25.15	-2.93%	5.02%	1,313,444	33,379,263	3.75	2914
2022-01-06,四	25.15	25.77	25.07	25.7	2.19%	2.78%	1,102,007	28,005,246	3.14	1909
2022-01-07,五	26.7	26.7	25.42	26.13	1.67%	4.98%	2,164,527	56,293,324	6.17	4172
2022-01-10,一	26	26.99	25.6	26.61	1.84%	5.32%	1,737,289	45,943,289	4.95	2955
2022-01-11,二	26.67	26.75	26.01	26.15	-1.73%	2.78%	1,109,000	29,175,803	3.16	2250
2022-01-12,三	26.15	26.68	26.12	26.21	0.23%	2.14%	953,836	25,084,793	2.72	1636
2022-01-13,四	26.22	26.23	25.36	25.5	-2.71%	3.32%	1,310,894	33,715,890	3.74	2359
2022-01-14,五	25.5	25.91	25	25.17	-1.29%	3.57%	694,358	17,684,416	1.98	1447
2022-01-17,一	25.1	25.78	25.02	25.69	2.07%	3.02%	962,452	24,562,988	2.75	2272
2022-01-18,二	25.59	25.68	24.66	24.84	-3.31%	3.97%	1,514,641	37,864,124	4.32	3724
2022-01-19,三	24.79	25.09	24.25	24.45	-1.57%	3.38%	1,116,999	27,500,348	3.19	3899
2022-01-20,四	24.45	24.58	23.16	23.18	-5.19%	5.81%	1,672,348	39,406,555	4.77	4690
2022-01-21,五	23.18	23.38	22.86	23.02	-0.69%	2.24%	914,350	21,103,693	2.61	3159
2022-01-24,一	23.09	23.49	22.85	22.91	-0.48%	2.78%	924,812	21,317,070	2.64	3340
2022-01-25,二	22.91	23.02	22.16	22.21	-3.06%	3.75%	1,032,113	23,209,495	2.94	3081
2022-01-26,三	22.34	22.67	22.04	22.36	0.68%	2.84%	660,466	14,774,782	1.88	2132
2022-01-27,四	22.53	22.53	21.06	21.06	-5.81%	6.57%	1,159,943	25,111,450	3.31	2777
2022-01-28,五	20.96	21.97	20.54	21.75	3.28%	6.79%	1,099,135	23,718,244	3.13	2774
2022-02-07,一	22.3	22.59	21.83	22.35	2.76%	3.49%	697,112	15,534,969	1.99	2014
2022-02-08,二	22.35	22.59	22.07	22.44	0.40%	2.33%	644,660	14,418,806	1.84	1544
2022-02-09,三	22.55	24.15	22.41	24.09	7.35%	7.75%	2,305,536	54,207,711	6.58	4440
2022-02-10,四	23.98	23.99	22.79	22.88	-5.02%	4.98%	2,078,280	48,050,969	5.93	4132
2022-02-11,五	22.78	22.78	22	22	-3.85%	3.41%	1,072,227	23,853,915	3.06	2364
2022-02-14,一	22.11	22.22	21.56	22.18	0.82%	3.00%	877,477	19,220,991	2.5	2060
2022-02-15,二	22.01	22.5	21.6	22.07	-0.50%	4.06%	967,594	21,227,799	2.76	2627
2022-02-16,三	22.1	22.68	22	22.43	1.63%	3.08%	1,116,136	24,983,002	3.18	2781
2022-02-17,四	22.42	22.61	22.07	22.19	-1.07%	2.41%	953,468	21,313,194	2.72	2243
2022-02-18,五	22.15	22.15	21.73	21.94	-1.13%	1.89%	754,785	16,482,391	2.15	1671
2022-02-21,一	21.98	22.4	21.89	22.32	1.73%	2.32%	765,984	17,010,421	2.18	2122
2022-02-22,二	22.48	22.48	21.49	21.66	-2.96%	4.44%	1,054,409	22,898,319	3.01	2987
2022-02-23,三	21.66	22.54	21.55	22.29	2.91%	4.57%	1,359,448	30,202,062	3.88	3608
2022-02-24,四	22.35	22.44	21.01	21.46	-3.72%	6.42%	1,627,610	35,470,725	4.64	4401
2022-02-25,五	21.63	22.24	21.63	21.8	1.58%	2.84%	1,087,001	23,870,978	3.1	3422
2022-02-28,一	21.7	22.19	21.27	22.05	1.15%	4.22%	1,290,121	28,132,299	3.68	3964
2022-03-01,二	22	22.45	22	22.43	1.72%	2.04%	1,006,181	22,398,654	2.87	2961
2022-03-02,三	22.11	22.46	22.07	22.46	0.13%	1.74%	713,384	15,907,491	2.03	2308
2022-03-03,四	22.51	22.68	22.02	22.13	-1.47%	2.94%	857,241	19,065,023	2.44	2116
2022-03-04,五	21.87	22.24	21.6	21.71	-1.90%	2.89%	949,542	20,791,491	2.71	2443
2022-03-07,一	21.54	21.71	21	21.12	-2.72%	3.27%	911,563	19,338,403	2.6	2547
2022-03-08,二	21.13	21.31	20.15	20.22	-4.26%	5.49%	932,832	19,168,131	2.66	2844
2022-03-09,三	20.44	20.47	18.7	19.68	-2.67%	8.75%	1,036,380	20,415,929	2.96	3068
2022-03-10,四	19.85	20.59	19.85	20.11	2.18%	3.76%	910,338	18,349,278	2.6	2851
2022-03-11,五	19.99	20.39	19.53	20.34	1.14%	4.28%	798,965	15,881,165	2.28	2566
2022-03-14,一	20.3	20.3	19.78	19.87	-2.31%	2.56%	776,994	15,482,622	2.22	2441
2022-03-15,二	19.58	19.69	18.21	18.21	-8.35%	7.45%	1,053,238	20,009,216	3	2967
2022-03-16,三	18.44	18.93	17.71	18.52	1.70%	6.70%	1,461,334	26,918,456	4.17	4069
2022-03-17,四	18.8	19.74	18.66	19.21	3.73%	5.83%	1,416,570	27,260,245	4.04	3753
2022-03-18,五	19.21	19.6	19.11	19.35	0.73%	2.55%	730,624	14,143,769	2.08	2322
2022-03-21,一	19.3	19.94	19.2	19.86	2.64%	3.82%	1,005,843	19,787,187	2.87	2764
2022-03-22,二	19.98	20.6	19.58	19.78	-0.40%	5.14%	1,517,495	30,311,995	4.33	4201
2022-03-23,三	19.8	20.88	19.78	20.41	3.19%	5.56%	2,276,517	46,429,214	6.49	5157
2022-03-24,四	20.4	20.4	19.52	19.73	-3.33%	4.31%	1,535,800	30,425,505	4.38	4920
2022-03-25,五	19.73	19.97	19.51	19.63	-0.51%	2.33%	726,695	14,356,095	2.07	2884
2022-03-28,一	19.47	19.8	19.11	19.33	-1.53%	3.52%	604,500	11,762,125	1.72	2075
2022-03-29,二	19.33	19.59	18.78	18.87	-2.38%	4.19%	736,717	14,033,165	2.1	2362
2022-03-30,三	19.11	19.21	18.65	18.9	0.16%	2.97%	774,782	14,644,137	2.21	2563
2022-03-31,四	18.89	19.3	18.7	18.75	-0.79%	3.17%	811,202	15,403,785	2.31	2322
2022-04-01,五	18.71	18.79	18.23	18.31	-2.35%	2.99%	878,229	16,109,190	2.5	2162
2022-04-06,三	18.5	19.27	18.4	18.91	3.28%	4.75%	1,052,410	19,949,686	3	4302
2022-04-07,四	19	19	18.3	18.3	-3.23%	3.70%	838,532	15,561,103	2.39	3140
2022-04-08,五	18.24	18.31	17.7	17.72	-3.17%	3.33%	631,300	11,322,357	1.8	2393
2022-04-11,一	17.72	17.9	16.9	17.1	-3.50%	5.64%	646,663	11,152,898	1.84	2030
2022-04-12,二	17.1	17.35	17.07	17.3	1.17%	1.64%	550,867	9,494,696	1.57	1757
2022-04-13,三	17.29	17.59	16.91	16.94	-2.08%	3.93%	780,711	13,392,951	2.23	2069
2022-04-14,四	16.94	17.2	16.81	16.83	-0.65%	2.30%	496,200	8,442,101	1.42	1879
2022-04-15,五	16.8	16.8	16.1	16.24	-3.51%	4.16%	980,368	16,002,329	2.8	2969
2022-04-18,一	16.24	16.87	16.09	16.73	3.02%	4.80%	957,210	15,849,702	2.73	2657
2022-04-19,二	16.95	17.38	16.75	16.92	1.14%	3.77%	653,348	11,107,522	1.86	2139
2022-04-20,三	17.15	17.28	16.76	16.91	-0.06%	3.07%	711,838	12,131,667	2.03	2378
2022-04-21,四	16.79	17.05	16.06	16.14	-4.55%	5.85%	775,000	12,777,763	2.21	2109
2022-04-22,五	16.14	16.18	15.45	15.6	-3.35%	4.52%	699,300	10,974,790	1.99	2238
2022-04-25,一	15.38	15.47	13.86	13.89	-10.96%	10.32%	999,337	14,586,835	2.85	3539
2022-04-26,二	16.67	16.67	15	16.67	20.01%	12.02%	3,082,031	50,524,413	8.79	4131
2022-04-27,三	16.28	17.68	15.84	17.11	2.64%	11.04%	5,801,484	98,127,314	16.55	11455
2022-04-28,四	16.81	19.45	16.65	18.02	5.32%	16.36%	6,407,303	113,648,908	18.27	11209
2022-04-29,五	18.31	20.75	16.83	20.09	11.49%	21.75%	6,490,375	118,721,242	18.51	11749
2022-05-05,四	19.82	20.69	19.21	19.89	-1.00%	7.37%	6,188,808	123,400,106	17.65	9411
2022-05-06,五	19.28	20.14	18.2	18.52	-6.89%	9.75%	4,758,767	90,825,938	13.57	7459
2022-05-09,一	18.61	19.98	18.21	19.26	4.00%	9.56%	3,787,304	72,624,443	10.8	6622
2022-05-10,二	19.25	20.56	18.82	20.24	5.09%	9.03%	5,455,246	107,804,832	15.56	12556
2022-05-11,三	19.76	21.11	19.73	19.92	-1.58%	6.82%	3,457,867	70,576,355	9.86	8843
2022-05-12,四	20.51	23.9	19.46	23.9	19.98%	22.29%	8,231,713	184,635,480	23.48	12635
2022-05-13,五	25	28.68	24	28.68	20.00%	19.58%	16,786,744	464,698,240	47.88	23701
2022-05-16,一	27.53	27.58	22.94	22.94	-20.01%	16.18%	14,405,491	354,825,650	41.09	26730
2022-05-17,二	21.5	22.55	20.13	22.47	-2.05%	10.55%	12,392,337	260,427,310	35.34	21149
2022-05-18,三	21.8	21.89	21.09	21.12	-6.01%	3.56%	7,732,012	165,711,730	22.05	13985
2022-05-19,四	20.97	21.46	20.7	20.9	-1.04%	3.60%	5,328,986	112,368,685	15.2	9434
2022-05-20,五	21.13	21.28	20.41	20.56	-1.63%	4.16%	5,085,693	105,152,987	14.51	9424
2022-05-23,一	20.67	20.95	20.43	20.66	0.49%	2.53%	3,680,499	75,883,609	10.5	7263
2022-05-24,二	20.87	20.87	18.8	18.93	-8.37%	10.02%	5,586,400	109,832,488	15.93	10403
2022-05-25,三	18.87	19.34	18.7	19.27	1.80%	3.38%	2,427,571	46,210,240	6.92	4571
2022-05-26,四	19.27	19.33	18.56	18.9	-1.92%	4.00%	2,131,272	40,250,091	6.08	4267
2022-05-27,五	19.15	19.47	18.41	18.71	-1.01%	5.61%	2,436,956	46,134,505	6.95	5659
2022-05-30,一	18.72	18.92	18.42	18.83	0.64%	2.67%	1,817,777	34,039,242	5.18	4357
2022-05-31,二	19.03	20.49	18.81	20.16	7.06%	8.92%	6,219,034	123,801,865	17.74	11978
2022-06-01,三	19.7	20.47	19.64	19.74	-2.08%	4.12%	3,265,997	64,882,872	9.32	6011
2022-06-02,四	19.99	20.89	19.4	20.49	3.80%	7.55%	4,959,866	100,539,046	14.15	10082
2022-06-06,一	20.34	20.69	20.11	20.52	0.15%	2.83%	2,812,479	57,378,717	8.02	5546
2022-06-07,二	20.51	20.64	19.86	20.03	-2.39%	3.80%	2,494,398	50,317,724	7.11	6350
2022-06-08,三	20.04	20.3	19.38	19.85	-0.90%	4.59%	2,160,120	42,794,677	6.16	5203
2022-06-09,四	13.22	14.08	13.22	13.47	-32.14%	4.33%	6,487,954	88,454,436	12.34	10367
2022-06-10,五	13.33	14.15	13.32	13.78	2.30%	6.16%	7,070,743	96,893,819	13.44	7872
2022-06-13,一	13.79	14.45	13.45	13.75	-0.22%	7.26%	6,126,497	84,933,611	11.65	7187
2022-06-14,二	13.57	13.88	13.11	13.29	-3.35%	5.60%	4,731,858	63,162,346	9	5927
2022-06-15,三	13.24	13.38	12.63	12.63	-4.97%	5.64%	5,259,005	67,742,738	10	7254
2022-06-16,四	12.59	12.83	12.55	12.6	-0.24%	2.22%	2,241,528	28,403,750	4.26	3549
2022-06-17,五	12.54	12.72	12.3	12.46	-1.11%	3.33%	2,449,736	30,579,658	4.66	4167
2022-06-20,一	12.59	12.68	12.36	12.54	0.64%	2.57%	2,071,684	25,908,915	3.94	3710
2022-06-21,二	12.58	13.08	12.31	12.91	2.95%	6.14%	5,033,876	64,787,980	9.57	7687
2022-06-22,三	12.89	12.93	12.3	12.34	-4.42%	4.88%	3,705,813	46,218,320	7.05	4251
2022-06-23,四	12.29	12.45	12.14	12.37	0.24%	2.51%	2,174,877	26,789,853	4.14	3150
2022-06-24,五	12.39	12.75	12.31	12.42	0.40%	3.56%	2,604,294	32,472,800	4.95	3827
2022-06-27,一	12.31	12.6	12.27	12.36	-0.48%	2.66%	2,514,530	31,138,032	4.78	4178
2022-06-28,二	12.39	14.08	12.14	13.25	7.20%	15.70%	9,348,188	124,491,776	17.77	12401
2022-06-29,三	13.01	13.12	12.37	12.38	-6.57%	5.66%	6,913,056	87,867,267	4.12	9258
2022-06-30,四	12.23	12.37	11.9	11.99	-3.15%	3.80%	5,584,934	67,413,392	3.36	6427
2022-07-01,五	11.99	12.02	11.62	11.65	-2.84%	3.34%	4,317,009	50,877,152	2.6	5008
2022-07-04,一	11.7	11.77	11.19	11.36	-2.49%	4.98%	5,910,463	67,249,900	3.56	6092
2022-07-05,二	11.36	11.44	10.86	11.05	-2.73%	5.11%	5,024,586	55,902,863	3.03	6119
2022-07-06,三	11.07	11.13	10.72	10.82	-2.08%	3.71%	4,801,050	52,188,309	2.89	5308
2022-07-07,四	10.82	11.1	10.82	11.01	1.76%	2.59%	4,659,411	51,090,482	2.81	5270
2022-07-08,五	10.99	11.49	10.96	11.34	3.00%	4.81%	5,701,928	64,424,662	3.43	8644
2022-07-11,一	11.25	11.34	10.91	10.96	-3.35%	3.79%	4,009,648	44,205,441	2.41	6436
2022-07-12,二	10.96	11.1	10.56	10.57	-3.56%	4.93%	4,150,336	44,469,363	2.5	6561
2022-07-13,三	10.55	10.91	10.49	10.88	2.93%	3.97%	3,287,668	35,428,194	1.98	6028
2022-07-14,四	10.88	11.25	10.85	11.07	1.75%	3.68%	3,589,157	39,533,160	2.16	5864
2022-07-15,五	11.2	11.2	10.79	10.8	-2.44%	3.70%	3,313,769	36,272,993	2	5904
2022-07-18,一	10.76	11.1	10.71	11.02	2.04%	3.61%	3,916,051	43,021,154	2.36	7515
2022-07-19,二	11.08	11.39	11.05	11.21	1.72%	3.09%	4,698,009	52,704,283	2.83	7070
2022-07-20,三	11.29	11.6	11.19	11.45	2.14%	3.66%	10,030,107	114,252,732	6.04	10175
2022-07-21,四	11.38	11.87	11.24	11.71	2.27%	5.50%	11,268,876	130,469,562	6.78	13609
2022-07-22,五	11.62	11.79	11.39	11.75	0.34%	3.42%	10,087,185	117,172,813	6.07	13530
2022-07-25,一	11.62	11.99	11.59	11.77	0.17%	3.40%	8,656,136	101,831,232	5.21	11532
2022-07-26,二	11.75	11.78	11.38	11.64	-1.10%	3.40%	7,287,080	84,419,124	4.39	10406
2022-07-27,三	11.56	12.01	11.53	12	3.09%	4.12%	10,024,838	118,557,782	6.04	12407
2022-07-28,四	12.01	12.58	11.92	12.48	4.00%	5.50%	13,390,109	164,827,500	8.06	14571
2022-07-29,五	12.47	12.47	12.22	12.22	-2.08%	2.00%	9,555,728	117,678,944	5.75	11099
2022-08-01,一	12.24	12.52	12.07	12.4	1.47%	3.68%	8,398,987	103,985,011	5.06	10739
2022-08-02,二	12.19	12.31	11.55	11.75	-5.24%	6.13%	10,905,267	129,306,321	6.57	18791
2022-08-03,三	11.87	12.12	11.52	11.61	-1.19%	5.11%	7,025,400	83,152,958	4.23	12232
2022-08-04,四	11.62	12.03	11.56	11.99	3.27%	4.05%	8,615,163	101,834,744	5.19	15290
2022-08-05,五	11.91	12.18	11.66	11.98	-0.08%	4.34%	10,507,716	125,317,107	6.33	16997
2022-08-08,一	12.03	12.24	11.77	12.21	1.92%	3.92%	9,416,242	113,880,997	5.67	11575
2022-08-09,二	12.19	12.5	12.11	12.48	2.21%	3.19%	9,865,391	121,223,506	5.94	13213
2022-08-10,三	12.4	12.45	12	12.29	-1.52%	3.61%	8,965,685	110,214,037	5.4	12387
2022-08-11,四	12.32	13.38	12.3	12.8	4.15%	8.79%	18,821,454	240,390,630	11.33	21338
2022-08-12,五	13.41	13.67	12.83	12.85	0.39%	6.56%	26,089,118	344,108,290	15.71	26199
2022-08-15,一	12.97	13.08	12.61	12.78	-0.54%	3.66%	12,849,416	164,442,890	7.74	13076
2022-08-16,二	12.72	12.85	12.54	12.59	-1.49%	2.43%	10,301,497	130,513,541	6.2	10821
2022-08-17,三	12.69	12.93	12.62	12.71	0.95%	2.46%	10,235,440	130,894,220	6.16	11517
2022-08-18,四	12.64	12.84	12.51	12.7	-0.08%	2.60%	8,214,123	104,265,269	4.95	9755
2022-08-19,五	12.69	12.99	12.27	12.34	-2.83%	5.67%	9,211,447	115,350,364	5.55	12117
2022-08-22,一	12.37	12.38	11.97	12	-2.76%	3.32%	7,374,999	89,090,276	4.44	14325
2022-08-23,二	11.9	12.24	11.88	12.13	1.08%	3.00%	5,161,871	62,415,309	3.11	8559
2022-08-24,三	12	12.12	11.34	11.35	-6.43%	6.43%	8,535,841	98,963,809	5.14	12112
2022-08-25,四	11.4	11.42	10.86	10.98	-3.26%	4.93%	5,521,222	60,869,489	3.32	10500
2022-08-26,五	10.86	10.98	10.66	10.72	-2.37%	2.91%	5,185,516	55,966,693	3.12	7982
2022-08-29,一	10.5	10.78	10.4	10.7	-0.19%	3.54%	2,579,546	27,543,073	1.55	6119
2022-08-30,二	10.74	10.83	10.51	10.63	-0.65%	2.99%	4,790,910	51,130,577	2.88	8965
2022-08-31,三	10.53	10.6	10.15	10.22	-3.86%	4.23%	4,475,392	46,125,281	2.69	7648
2022-09-01,四	10.32	10.4	10.11	10.12	-0.98%	2.84%	2,368,450	24,223,149	1.43	4768
2022-09-02,五	10.16	10.53	10.14	10.43	3.06%	3.85%	3,936,279	40,747,330	2.37	5602
2022-09-05,一	10.4	10.5	10.26	10.33	-0.96%	2.30%	2,761,150	28,612,089	1.66	5250
2022-09-06,二	10.36	10.37	10.17	10.27	-0.58%	1.94%	3,103,457	31,802,938	1.87	5452
2022-09-07,三	10.23	10.38	10.2	10.27	0.00%	1.75%	3,056,724	31,441,358	1.84	4593
2022-09-08,四	10.34	10.34	10.01	10.05	-2.14%	3.21%	3,126,950	31,649,491	1.88	5389
2022-09-09,五	10.01	10.11	9.85	9.96	-0.90%	2.59%	2,726,757	27,092,824	1.64	3777
2022-09-13,二	9.98	10.18	9.96	10.1	1.41%	2.21%	2,345,200	23,625,640	1.41	3742
2022-09-14,三	9.9	10.02	9.81	9.98	-1.19%	2.08%	2,327,236	23,088,820	1.4	3924
2022-09-15,四	9.98	10.03	9.53	9.66	-3.21%	5.01%	3,372,431	32,829,412	2.03	5812
2022-09-16,五	9.65	9.71	9.37	9.39	-2.80%	3.52%	2,716,350	25,935,008	1.64	3573
2022-09-19,一	9.37	9.44	9.2	9.25	-1.49%	2.56%	1,919,695	17,842,537	1.16	3701
2022-09-20,二	9.34	9.48	9.27	9.44	2.05%	2.27%	1,749,181	16,477,805	1.05	2608
2022-09-21,三	9.42	9.64	9.24	9.58	1.48%	4.24%	2,086,235	19,754,589	1.26	3451
2022-09-22,四	9.5	9.66	9.46	9.47	-1.15%	2.09%	1,673,416	15,981,732	1.01	3845
2022-09-23,五	9.49	9.5	9.16	9.18	-3.06%	3.59%	1,709,963	15,874,071	1.03	3294
2022-09-26,一	9.1	9.16	8.85	8.87	-3.38%	3.38%	2,596,871	23,312,431	1.56	5371
2022-09-27,二	8.91	9.19	8.9	9.13	2.93%	3.27%	3,303,849	29,971,596	1.99	6628
2022-09-28,三	9.24	9.24	8.87	8.87	-2.85%	4.05%	2,747,966	24,753,161	1.65	5881
2022-09-29,四	8.95	9.08	8.61	8.67	-2.25%	5.30%	2,772,950	24,393,516	1.67	5255
2022-09-30,五	8.7	8.72	8.49	8.51	-1.85%	2.65%	2,790,644	23,958,860	1.68	5859
2022-10-10,一	8.55	8.55	8.19	8.24	-3.17%	4.23%	2,355,052	19,648,888	1.42	5506
2022-10-11,二	8.19	8.28	8.08	8.23	-0.12%	2.43%	2,146,794	17,557,480	1.29	4418
2022-10-12,三	8.21	8.61	8.13	8.61	4.62%	5.83%	3,388,183	28,444,921	2.04	6109
2022-10-13,四	8.62	8.88	8.55	8.85	2.79%	3.83%	3,268,644	28,584,980	1.97	5924
2022-10-14,五	8.85	9.09	8.85	9	1.69%	2.71%	2,738,566	24,647,802	1.65	4623
2022-10-17,一	9.15	9.44	9.01	9.4	4.44%	4.78%	3,866,781	35,801,324	2.33	6492
2022-10-18,二	9.44	9.51	9.31	9.37	-0.32%	2.13%	2,545,850	23,872,475	1.53	5926
2022-10-19,三	9.4	9.59	9.22	9.33	-0.43%	3.95%	3,300,270	31,032,632	1.99	6010
2022-10-20,四	9.19	9.45	9.12	9.34	0.11%	3.54%	3,321,302	30,894,072	2	6956
2022-10-21,五	9.31	9.49	9.24	9.26	-0.86%	2.68%	2,142,258	19,955,971	1.29	4921
2022-10-24,一	9.28	9.48	9	9.05	-2.27%	5.18%	2,980,300	27,501,579	1.79	7765
2022-10-25,二	9.04	9.14	8.79	9.01	-0.44%	3.87%	2,540,907	22,793,396	1.53	7614
2022-10-26,三	9.11	9.32	8.98	9.24	2.55%	3.77%	2,443,184	22,485,311	1.47	6352
2022-10-27,四	9.44	9.44	9.2	9.28	0.43%	2.60%	2,656,146	24,727,595	1.6	5944
2022-10-28,五	9.28	9.34	8.64	8.74	-5.82%	7.54%	4,111,270	36,975,308	2.48	11687
2022-10-31,一	8.82	9.22	8.74	9.1	4.12%	5.49%	3,122,059	28,281,274	1.88	7721
2022-11-01,二	9.1	9.42	9.03	9.42	3.52%	4.29%	3,547,371	32,992,367	2.14	7277
2022-11-02,三	9.4	9.67	9.4	9.58	1.70%	2.87%	3,867,651	37,004,716	2.33	7492
2022-11-03,四	9.46	9.58	9.38	9.49	-0.94%	2.09%	2,687,294	25,417,611	1.62	6222
2022-11-04,五	9.5	9.6	9.45	9.53	0.42%	1.58%	3,047,453	29,056,873	1.83	5506
2022-11-07,一	9.62	9.97	9.53	9.86	3.46%	4.62%	6,582,993	64,298,111	3.96	10388
2022-11-08,二	9.91	9.95	9.63	9.84	-0.20%	3.25%	4,462,549	43,853,372	2.69	8951
2022-11-09,三	9.87	9.93	9.69	9.7	-1.42%	2.44%	2,698,600	26,324,436	1.62	5869
2022-11-10,四	9.71	9.8	9.62	9.65	-0.52%	1.86%	2,826,350	27,423,342	1.7	5973
2022-11-11,五	9.8	9.88	9.5	9.51	-1.45%	3.94%	3,527,392	34,099,101	2.12	5720
2022-11-14,一	9.51	9.66	9.37	9.58	0.74%	3.05%	2,729,595	26,073,843	1.64	5965
2022-11-15,二	9.45	9.77	9.44	9.71	1.36%	3.44%	2,578,692	24,967,089	1.55	6335
2022-11-16,三	9.79	9.79	9.6	9.67	-0.41%	1.96%	2,259,450	21,920,044	1.36	5170
2022-11-17,四	9.67	9.68	9.47	9.6	-0.72%	2.17%	3,483,534	33,307,273	2.1	5967
2022-11-18,五	9.61	9.73	9.46	9.47	-1.35%	2.81%	2,345,724	22,546,100	1.41	4618
2022-11-21,一	9.6	9.6	9.37	9.5	0.32%	2.43%	2,454,986	23,250,073	1.48	6548
2022-11-22,二	9.47	9.84	9.37	9.41	-0.95%	4.95%	3,461,363	33,142,473	2.08	5914
2022-11-23,三	9.35	9.48	9.05	9.16	-2.66%	4.57%	3,820,565	35,117,283	2.3	7057
2022-11-24,四	9.18	9.43	9.18	9.22	0.66%	2.73%	2,694,300	24,999,739	1.62	6574
2022-11-25,五	9.19	9.25	8.89	8.92	-3.25%	3.90%	3,523,646	31,835,964	2.12	6686
2022-11-28,一	8.92	9.35	8.76	9.22	3.36%	6.61%	4,677,166	42,608,676	2.82	10025
2022-11-29,二	9.22	9.34	9.14	9.24	0.22%	2.17%	3,376,200	31,086,998	2.03	8471
2022-11-30,三	9.28	9.28	9.07	9.18	-0.65%	2.27%	2,674,202	24,434,458	1.61	6002
2022-12-01,四	9.3	9.38	9.2	9.25	0.76%	1.96%	3,285,806	30,535,469	1.98	7219
2022-12-02,五	9.25	9.34	9.19	9.3	0.54%	1.62%	2,519,566	23,411,946	1.52	6542
2022-12-05,一	9.3	9.4	9.25	9.29	-0.11%	1.61%	2,707,830	25,160,684	1.63	5822
2022-12-06,二	9.28	9.33	9.13	9.16	-1.40%	2.15%	2,657,400	24,506,346	1.6	6400
2022-12-07,三	9.16	9.2	9.04	9.08	-0.87%	1.75%	2,174,392	19,779,542	1.31	4800
2022-12-08,四	9.04	9.16	8.99	9.01	-0.77%	1.87%	2,101,000	19,020,767	1.26	4894
2022-12-09,五	9.04	9.05	8.87	8.91	-1.11%	2.00%	2,225,250	19,890,158	1.34	4452
2022-12-12,一	8.93	8.96	8.75	8.85	-0.67%	2.36%	2,513,494	22,245,907	1.51	5749
2022-12-13,二	8.88	9	8.71	8.74	-1.24%	3.28%	2,343,600	20,721,019	1.41	5521
2022-12-14,三	8.71	8.93	8.71	8.8	0.69%	2.52%	2,856,700	25,248,227	1.72	5337
2022-12-15,四	8.79	9.15	8.75	9.13	3.75%	4.55%	4,492,250	40,449,800	2.7	6995
2022-12-16,五	9.06	9.13	8.81	8.83	-3.29%	3.50%	2,828,800	25,151,512	1.7	5930
2022-12-19,一	8.84	8.84	8.49	8.52	-3.51%	3.96%	2,727,050	23,492,660	1.64	5617
2022-12-20,二	8.57	8.66	8.39	8.6	0.94%	3.17%	1,598,600	13,639,456	0.962	3938
2022-12-21,三	8.6	8.62	8.39	8.48	-1.40%	2.67%	1,832,168	15,558,059	1.1	4432
2022-12-22,四	8.48	8.52	8.28	8.37	-1.30%	2.83%	1,647,421	13,813,323	0.992	3902
2022-12-23,五	8.29	8.4	8.1	8.39	0.24%	3.58%	1,567,100	12,996,550	0.944	4988
2022-12-26,一	8.39	8.46	8.3	8.41	0.24%	1.91%	1,574,900	13,218,253	0.948	4426
2022-12-27,二	8.43	8.54	8.25	8.34	-0.83%	3.45%	1,863,578	15,515,114	1.12	5300
2022-12-28,三	8.34	8.34	8.1	8.14	-2.40%	2.88%	2,067,456	16,894,010	1.24	4096
2022-12-29,四	8.1	8.24	8.09	8.13	-0.12%	1.84%	1,537,146	12,531,526	0.925	3889
2022-12-30,五	8.3	9.46	8.2	8.81	8.36%	15.50%	15,740,663	141,805,200	9.48	20691
2023-01-03,二	8.68	8.83	8.48	8.81	0.00%	3.97%	10,583,450	91,352,090	6.37	14077
2023-01-04,三	8.81	9.75	8.78	9.5	7.83%	11.01%	18,009,484	168,523,480	10.84	17894
2023-01-05,四	9.55	10.45	9.4	10.41	9.58%	11.05%	21,618,620	217,374,730	13.02	19851
2023-01-06,五	10.3	10.3	9.82	9.83	-5.57%	4.61%	14,699,976	146,442,240	8.85	12752
2023-01-09,一	9.84	10.16	9.72	9.88	0.51%	4.48%	10,224,987	101,304,640	6.16	8286
2023-01-10,二	9.8	9.84	9.55	9.68	-2.02%	2.94%	7,778,950	75,280,152	4.68	8112
2023-01-11,三	9.55	9.78	9.48	9.49	-1.96%	3.10%	5,016,500	48,027,413	3.02	6020
2023-01-12,四	9.56	10.09	9.47	9.95	4.85%	6.53%	11,774,250	116,403,134	7.09	11655
2023-01-13,五	9.9	10.06	9.71	9.99	0.40%	3.52%	9,002,981	89,095,730	5.42	9789
2023-01-16,一	9.9	10.73	9.9	10.58	5.91%	8.31%	16,239,887	169,228,510	9.78	14468
2023-01-17,二	10.52	10.58	10.16	10.26	-3.02%	3.97%	9,372,046	96,697,508	5.64	8525
2023-01-18,三	10.24	11.23	10.24	10.95	6.73%	9.65%	16,874,289	182,835,160	10.16	13472
2023-01-19,四	11.11	12.23	10.84	11.41	4.20%	12.69%	22,354,166	252,573,700	13.46	18477
2023-01-20,五	11.33	11.6	11.16	11.4	-0.09%	3.86%	14,043,355	159,644,240	8.46	12220
2023-01-30,一	11.75	12.45	11.59	12.26	7.54%	7.54%	22,843,510	275,428,120	13.75	19280
2023-01-31,二	12.15	12.65	11.85	12.2	-0.49%	6.53%	12,871,514	156,410,040	7.75	11992
2023-02-01,三	12.08	12.17	11.79	11.98	-1.80%	3.11%	10,395,550	124,239,060	6.26	12540
2023-02-02,四	11.97	12.09	11.26	11.35	-5.26%	6.93%	18,930,306	218,674,470	11.4	17112
2023-02-03,五	11.38	11.87	11.33	11.84	4.32%	4.76%	13,523,748	157,387,200	8.14	14170
2023-02-06,一	11.9	12.05	11.5	11.86	0.17%	4.65%	11,931,423	139,609,010	7.18	12762
2023-02-07,二	11.68	12.05	11.6	11.91	0.42%	3.79%	9,075,453	107,897,739	5.46	11229
2023-02-08,三	12	12.48	11.85	12.13	1.85%	5.29%	13,465,867	165,159,830	8.11	15985
2023-02-09,四	12.05	12.47	12.01	12.12	-0.08%	3.79%	9,257,621	112,752,287	5.57	12990
2023-02-10,五	12.21	13.25	12.05	13.21	8.99%	9.90%	22,012,384	281,268,380	13.25	21479
2023-02-13,一	13.1	14.04	12.92	13.82	4.62%	8.48%	21,741,757	294,757,210	13.09	25502
2023-02-14,二	14.1	14.68	13.95	14.21	2.82%	5.28%	20,423,681	291,530,080	12.3	22762
2023-02-15,三	14.25	14.85	13.7	14.59	2.67%	8.09%	19,846,722	282,288,840	11.95	25287
2023-02-16,四	14.6	14.67	13.39	13.59	-6.85%	8.77%	18,859,012	263,648,260	11.35	22808
2023-02-17,五	13.86	14.23	13.54	13.54	-0.37%	5.08%	12,504,704	173,253,860	7.53	16047
2023-02-20,一	13.71	15.13	13.28	15.08	11.37%	13.66%	17,068,266	242,289,770	10.28	19490
2023-02-21,二	14.85	15.06	13.81	14.01	-7.10%	8.29%	19,770,251	284,046,070	11.9	24897
2023-02-22,三	13.97	13.97	12.87	13.16	-6.07%	7.85%	19,452,386	257,866,140	11.71	19681
2023-02-23,四	13.18	13.69	12.97	13.32	1.22%	5.47%	11,511,570	153,342,490	6.93	14543
2023-02-24,五	13.19	13.57	12.9	13.28	-0.30%	5.03%	8,651,463	114,333,043	5.21	12809
2023-02-27,一	13.24	14.2	12.95	13.38	0.75%	9.41%	16,386,631	224,693,380	9.87	19898
2023-02-28,二	13.4	13.68	13.32	13.52	1.05%	2.69%	7,317,371	98,571,425	4.41	12851
2023-03-01,三	13.38	13.7	13.13	13.21	-2.29%	4.22%	8,662,534	115,324,742	5.22	11449
2023-03-02,四	13.13	13.3	12.5	12.78	-3.26%	6.06%	16,534,549	212,026,910	9.96	21906
2023-03-03,五	12.84	13.12	12.65	12.97	1.49%	3.68%	8,972,025	115,868,422	5.4	15102
2023-03-06,一	12.97	13.07	12.52	12.92	-0.39%	4.24%	6,754,785	86,444,030	4.07	11981
2023-03-07,二	13.03	13.03	12.45	12.49	-3.33%	4.49%	5,931,510	75,467,654	3.57	10213
2023-03-08,三	12.57	12.88	12.36	12.85	2.88%	4.16%	4,885,154	62,339,724	2.94	9562
2023-03-09,四	12.8	13.36	12.5	13.26	3.19%	6.69%	8,548,850	111,437,854	5.15	14678
2023-03-10,五	13.27	13.54	12.88	13.1	-1.21%	4.98%	6,247,750	82,313,599	3.76	12108
2023-03-13,一	13.12	13.2	12.75	12.91	-1.45%	3.44%	5,736,900	74,296,530	3.45	10050
2023-03-14,二	12.82	13	12.39	12.67	-1.86%	4.73%	7,335,150	92,673,309	4.42	12197
2023-03-15,三	12.78	13	12.64	12.76	0.71%	2.84%	4,901,635	62,783,807	2.95	9291
2023-03-16,四	12.66	12.73	11.78	11.94	-6.43%	7.45%	14,920,468	180,573,230	8.98	15322
2023-03-17,五	12.04	12.2	11.91	12.06	1.01%	2.43%	5,951,650	71,831,560	3.58	12885
2023-03-20,一	12.04	12.2	11.6	11.69	-3.07%	4.98%	8,190,842	96,379,753	4.93	14316
2023-03-21,二	11.38	12.08	11.38	12.02	2.82%	5.99%	4,772,208	56,892,990	2.87	10034
2023-03-22,三	12	12.22	11.84	12	-0.17%	3.16%	4,486,306	53,887,058	2.7	9971
2023-03-23,四	12	12.16	11.77	11.92	-0.67%	3.25%	4,457,978	53,137,771	2.68	12467
2023-03-24,五	12.01	12.29	11.7	11.77	-1.26%	4.95%	7,826,773	93,420,088	4.71	14439
2023-03-27,一	11.88	11.91	11.46	11.69	-0.68%	3.82%	6,077,635	70,688,855	3.66	13000
2023-03-28,二	11.6	11.62	11	11.08	-5.22%	5.30%	10,623,900	119,392,373	6.4	16798
2023-03-29,三	11.08	11.21	10.9	11	-0.72%	2.80%	4,809,029	53,257,806	2.9	12814
2023-03-30,四	11.05	11.2	10.84	11.05	0.45%	3.27%	5,032,700	55,647,384	3.03	12295
2023-03-31,五	11.09	11.47	11.05	11.25	1.81%	3.80%	4,026,306	45,365,374	2.42	10764
2023-04-03,一	11.36	11.88	11.36	11.7	4.00%	4.62%	7,735,417	90,285,341	4.66	14172
2023-04-04,二	11.5	11.79	11.26	11.3	-3.42%	4.53%	5,559,050	63,650,992	3.35	14318
2023-04-06,四	11.3	11.35	11.01	11.15	-1.33%	3.01%	5,617,551	62,539,264	3.38	13217
2023-04-07,五	11.24	11.52	11.06	11.38	2.06%	4.13%	5,380,450	60,639,680	3.24	10939
2023-04-10,一	11.53	11.75	11.11	11.18	-1.76%	5.62%	7,752,100	88,623,963	4.67	19792
2023-04-11,二	11.15	11.33	11.05	11.29	0.98%	2.50%	5,037,956	56,490,720	3.03	13089
2023-04-12,三	11.35	11.47	11.27	11.39	0.89%	1.77%	3,730,850	42,385,056	2.25	8542
2023-04-13,四	11.36	11.45	11.13	11.15	-2.11%	2.81%	4,271,015	48,000,584	2.57	10047
2023-04-14,五	11.15	12.2	11.1	11.99	7.53%	9.87%	13,443,230	157,276,920	8.09	17635
2023-04-17,一	12.38	12.85	12.15	12.48	4.09%	5.84%	24,210,825	302,120,190	14.58	41403
2023-04-18,二	12.82	13.2	12.63	12.86	3.04%	4.57%	21,644,041	279,831,500	13.03	35999
2023-04-19,三	12.86	12.96	12.27	12.6	-2.02%	5.37%	12,474,628	156,067,540	7.51	20938
2023-04-20,四	12.41	12.79	12.32	12.46	-1.11%	3.73%	9,636,724	120,470,335	5.8	17706
2023-04-21,五	12.48	12.8	11.84	12.06	-3.21%	7.70%	10,608,043	130,062,975	6.39	20136
2023-04-24,一	11.97	12.05	11.64	11.79	-2.24%	3.40%	7,870,700	93,061,263	4.74	14945
2023-04-25,二	12.05	13.23	11.96	12.76	8.23%	10.77%	21,656,406	276,725,290	13.04	31921
2023-04-26,三	12.48	13.73	12.41	13.25	3.84%	10.34%	25,961,422	339,860,760	15.63	38728
2023-04-27,四	13.11	13.25	12.5	12.75	-3.77%	5.66%	16,792,576	216,306,480	10.11	24894
2023-04-28,五	12.86	13.77	12.81	13.44	5.41%	7.53%	22,500,799	302,970,940	13.55	29484
2023-05-04,四	13.14	13.33	12.78	12.82	-4.61%	4.09%	14,414,300	186,524,330	8.68	19508
2023-05-05,五	12.77	12.85	12.2	12.51	-2.42%	5.07%	10,456,743	130,369,379	6.3	16591
2023-05-08,一	12.17	12.45	11.78	11.99	-4.16%	5.36%	10,407,009	125,791,215	6.27	18236
2023-05-09,二	11.94	12	11.1	11.3	-5.75%	7.51%	11,182,275	128,852,680	6.73	20603
2023-05-10,三	11.3	11.32	11	11.08	-1.95%	2.83%	7,361,400	81,935,457	4.43	12851
2023-05-11,四	11.1	11.3	10.64	10.81	-2.44%	5.96%	8,040,465	87,845,532	4.84	15259
2023-05-12,五	10.83	10.87	10.41	10.44	-3.42%	4.26%	6,787,252	71,735,555	4.09	13156
2023-05-15,一	10.48	11.49	10.38	11.41	9.29%	10.63%	13,533,118	148,105,030	8.15	24021
2023-05-16,二	11.4	12.18	11.31	11.67	2.28%	7.62%	17,494,214	206,376,970	10.53	26752
2023-05-17,三	11.65	12.69	11.54	12.62	8.14%	9.85%	17,660,163	216,328,060	10.63	29540
2023-05-18,四	12.54	13.14	12.35	12.61	-0.08%	6.26%	14,760,359	186,978,660	8.89	30145
2023-05-19,五	12.75	13.08	12.54	12.57	-0.32%	4.28%	10,577,196	134,877,050	6.37	24119
2023-05-22,一	12.46	12.92	12.43	12.77	1.59%	3.90%	7,900,739	100,727,880	4.76	21737
2023-05-23,二	12.71	12.96	12.4	12.72	-0.39%	4.39%	7,210,343	91,593,647	4.34	15919
2023-05-24,三	12.75	13.05	12.6	12.88	1.26%	3.54%	8,521,143	109,432,888	5.13	18232
2023-05-25,四	12.81	13.23	12.7	12.87	-0.08%	4.11%	6,879,595	89,000,252	4.14	15015
2023-05-26,五	12.81	13.66	12.66	13.24	2.87%	7.77%	12,375,185	163,438,290	7.45	21194
2023-05-29,一	13.2	13.35	12.88	13.04	-1.51%	3.55%	7,979,784	104,647,237	4.8	17633
2023-05-30,二	13	13.31	12.86	13.18	1.07%	3.45%	8,690,309	114,104,548	5.23	15405
2023-05-31,三	13.4	13.46	12.9	13.3	0.91%	4.25%	8,101,110	106,896,177	4.88	20435
2023-06-01,四	13.2	14.35	13.2	14.05	5.64%	8.65%	17,894,604	247,823,980	10.77	34122
2023-06-02,五	14.07	14.94	14.07	14.75	4.98%	6.19%	17,765,527	259,632,090	10.7	30019
2023-06-05,一	15.29	17.44	15.21	15.72	6.58%	15.12%	34,606,409	553,036,560	20.84	53676
2023-06-06,二	15.72	16.13	14.95	15.1	-3.94%	7.51%	27,887,131	430,520,150	16.79	41797
2023-06-07,三	14.97	15.66	14.77	14.9	-1.32%	5.89%	17,464,619	264,304,730	10.52	33945
2023-06-08,四	14.7	15.09	14.41	14.7	-1.34%	4.56%	11,404,910	167,842,520	6.87	24372
2023-06-09,五	14.58	14.9	14.33	14.72	0.14%	3.88%	8,702,725	127,424,942	5.24	15924
2023-06-12,一	17.66	17.66	15.43	15.8	7.34%	15.15%	50,069,934	830,512,460	30.15	56081
2023-06-13,二	15.31	16.25	14.86	15.82	0.13%	8.80%	40,225,425	619,518,180	24.22	51596
2023-06-14,三	15.32	15.43	14.41	14.6	-7.71%	6.45%	29,828,310	440,615,170	17.96	33999
2023-06-15,四	14.17	14.85	14.1	14.44	-1.10%	5.14%	15,807,395	228,945,410	9.52	22162
2023-06-16,五	14.38	15.3	14.23	15	3.88%	7.41%	16,573,496	244,993,960	9.98	24243
2023-06-19,一	15	15.24	14.59	14.66	-2.27%	4.33%	14,019,221	207,173,620	8.44	21891
2023-06-20,二	14.6	15.12	14.41	14.74	0.55%	4.84%	15,002,911	221,084,250	9.03	22896
2023-06-21,三	14.57	14.59	13.86	13.94	-5.43%	4.95%	16,494,494	232,542,440	9.93	26009
2023-06-26,一	13.5	14.33	13.5	13.78	-1.15%	5.95%	10,278,927	142,045,160	6.19	24799
2023-06-27,二	13.74	13.8	13.29	13.46	-2.32%	3.70%	8,616,676	115,770,582	5.19	18517
2023-06-28,三	13.4	13.55	13	13.47	0.07%	4.09%	6,847,150	91,140,408	4.12	15912
2023-06-29,四	13.41	13.84	13.35	13.65	1.34%	3.64%	5,846,347	79,833,350	3.52	15373
2023-06-30,五	13.62	14.45	13.5	14.3	4.76%	6.96%	9,861,247	139,447,790	5.93	17784
2023-07-03,一	14.3	14.64	14.15	14.41	0.77%	3.43%	6,841,209	98,410,806	4.11	12516
2023-07-04,二	14.33	14.99	14.33	14.73	2.22%	4.58%	7,701,914	113,446,836	4.63	12691
2023-07-05,三	14.6	14.82	14.33	14.4	-2.24%	3.33%	7,364,663	107,144,585	4.43	17923
2023-07-06,四	14.51	14.85	14.4	14.48	0.56%	3.13%	7,371,252	107,762,367	4.43	20336
2023-07-07,五	14.58	14.58	14.1	14.25	-1.59%	3.31%	5,579,576	79,838,340	3.35	15081
2023-07-10,一	14.26	14.26	13.9	13.96	-2.04%	2.53%	4,780,265	66,999,648	2.87	13250
2023-07-11,二	14.01	14.12	13.85	14.07	0.79%	1.93%	4,134,324	57,802,655	2.48	12854
2023-07-12,三	14.08	15.47	14.02	14.54	3.34%	10.31%	17,053,764	250,380,050	10.25	32749
2023-07-13,四	15	15.49	14.66	15.19	4.47%	5.71%	29,449,883	443,498,010	17.7	45796
2023-07-14,五	14.94	15.34	14.41	15.16	-0.20%	6.12%	19,089,043	283,970,700	11.47	33973
2023-07-17,一	15	15.14	14.6	14.66	-3.30%	3.56%	11,280,813	166,211,340	6.78	23225
2023-07-18,二	14.65	14.95	14.38	14.49	-1.16%	3.89%	9,582,218	140,053,810	5.76	15503
2023-07-19,三	14.27	14.43	13.54	13.6	-6.14%	6.14%	12,117,968	167,808,260	7.28	22088
2023-07-20,四	13.62	13.87	12.9	12.95	-4.78%	7.13%	11,037,916	145,715,410	6.63	26311
2023-07-21,五	12.97	13.01	12.46	12.54	-3.17%	4.25%	5,718,152	72,515,298	3.44	13876
2023-07-24,一	12.56	12.68	12.3	12.35	-1.52%	3.03%	5,326,527	66,417,935	3.2	12434
2023-07-25,二	12.66	13.16	12.61	12.91	4.53%	4.45%	7,850,671	100,962,623	4.72	15174
2023-07-26,三	12.86	13.1	12.48	12.69	-1.70%	4.80%	7,615,422	96,642,149	4.58	15327
2023-07-27,四	12.86	13.18	12.63	12.72	0.24%	4.33%	8,127,900	104,282,958	4.88	15788
2023-07-28,五	12.95	13.33	12.64	13.12	3.14%	5.42%	10,798,358	140,209,220	6.49	17833
2023-07-31,一	13.13	13.7	12.9	13.64	3.96%	6.10%	10,724,124	143,627,260	6.45	17829
2023-08-01,二	13.68	13.91	13.07	13.42	-1.61%	6.16%	11,232,556	150,586,710	6.75	18513
2023-08-02,三	13.38	13.38	13.02	13.2	-1.64%	2.68%	6,560,000	86,279,738	3.94	12739
2023-08-03,四	13.13	13.93	13.13	13.39	1.44%	6.06%	11,173,206	151,505,350	6.71	16742
2023-08-04,五	13.23	14.13	13.22	13.92	3.96%	6.80%	11,067,456	151,139,800	6.65	17689
2023-08-07,一	13.83	14.31	13.59	13.68	-1.72%	5.17%	7,703,040	106,830,447	4.63	16578
2023-08-08,二	13.68	13.82	13.56	13.67	-0.07%	1.90%	3,828,450	52,298,925	2.3	8218
2023-08-09,三	13.65	13.74	13.34	13.49	-1.32%	2.93%	3,852,750	52,028,338	2.32	8990
2023-08-10,四	13.38	13.55	13.3	13.32	-1.26%	1.85%	2,943,956	39,462,479	1.77	7313
2023-08-11,五	13.37	13.73	13.24	13.49	1.28%	3.68%	6,783,845	91,743,486	4.08	11382
2023-08-14,一	13.28	13.33	12.96	13.21	-2.08%	2.74%	5,384,736	70,875,461	3.24	10331
2023-08-15,二	13.26	13.36	12.83	12.96	-1.89%	4.01%	4,432,500	57,647,243	2.66	10697
2023-08-16,三	12.92	13.09	12.56	12.58	-2.93%	4.09%	3,858,550	49,325,496	2.32	10136
2023-08-17,四	12.71	13.47	12.44	13.23	5.17%	8.19%	8,500,089	110,984,400	5.11	21356
2023-08-18,五	13.28	13.68	13.03	13.05	-1.36%	4.91%	6,867,500	91,772,425	4.13	13674
2023-08-21,一	13.05	13.56	12.93	13.31	1.99%	4.83%	7,209,486	95,535,819	4.33	15900
2023-08-22,二	13.06	14.67	12.75	14.27	7.21%	14.43%	23,592,495	327,820,210	14.18	37514
2023-08-23,三	14.45	14.49	13.91	14.13	-0.98%	4.06%	15,186,486	215,031,430	9.13	27590
2023-08-24,四	13.99	14.7	13.98	14.46	2.34%	5.10%	15,718,869	226,366,140	9.45	23961
2023-08-25,五	14.23	14.25	13.5	13.61	-5.88%	5.19%	14,160,305	196,023,750	8.51	22917
2023-08-28,一	14.36	15.28	14.02	14.17	4.11%	9.26%	26,610,624	391,072,690	15.99	31588
2023-08-29,二	14.29	16.88	14.29	16.3	15.03%	18.28%	35,188,810	549,865,990	21.15	40973
2023-08-30,三	17.34	17.88	15.85	15.93	-2.27%	12.45%	55,151,126	931,952,990	33.15	52308
2023-08-31,四	15.92	16.47	15.5	15.78	-0.94%	6.09%	30,527,746	487,440,080	18.35	36220
2023-09-01,五	16.15	16.37	15.67	16.01	1.46%	4.44%	28,033,857	448,748,460	16.85	33683
2023-09-04,一	16.32	16.96	15.76	16.91	5.62%	7.50%	38,946,519	637,941,870	23.41	36983
2023-09-05,二	16.56	16.92	15.49	15.57	-7.92%	8.46%	35,608,735	575,669,010	21.4	32819
2023-09-06,三	15.45	17.8	15.32	17.73	13.87%	15.93%	47,233,971	787,951,560	28.39	39934
2023-09-07,四	17	17.45	16.19	17.01	-4.06%	7.11%	36,017,955	607,119,370	21.65	31398
2023-09-08,五	17.07	19.74	16.75	18.58	9.23%	17.58%	55,149,925	1,004,678,210	33.14	42575
2023-09-11,一	18.56	18.77	17.41	18.15	-2.31%	7.32%	44,936,201	811,611,150	27.01	38901
2023-09-12,二	17.6	17.75	17	17.28	-4.79%	4.13%	29,030,211	504,768,260	17.45	28095
2023-09-13,三	17.26	18.53	16.8	18.24	5.56%	10.01%	38,625,743	682,346,510	23.21	37485
2023-09-14,四	17.72	18.29	16.84	17.84	-2.19%	7.95%	28,511,627	505,363,600	17.14	27458
2023-09-15,五	18	19.11	17.5	17.59	-1.40%	9.02%	33,644,695	615,610,040	20.22	30575
2023-09-18,一	17.28	18.24	16.7	16.77	-4.66%	8.75%	28,717,005	496,514,790	17.26	25890
2023-09-19,二	16.36	16.4	14.82	15.5	-7.57%	9.42%	29,274,765	452,916,160	17.59	27051
2023-09-20,三	15.31	16.65	15.03	15.82	2.06%	10.45%	23,261,160	366,816,180	13.98	23858
2023-09-21,四	15.8	16.65	15.55	16.55	4.61%	6.95%	21,252,483	344,466,940	12.77	23451
2023-09-22,五	16.28	17.3	15.81	17.16	3.69%	9.00%	29,927,699	496,053,460	17.99	28126
2023-09-25,一	18.1	18.73	16.94	16.97	-1.11%	10.43%	42,181,039	752,862,690	25.35	34704
2023-09-26,二	16.08	16.4	15.03	15.05	-11.31%	8.07%	34,461,770	536,232,540	20.71	27448
2023-09-27,三	15.05	15.45	14.82	14.89	-1.06%	4.19%	19,374,218	292,696,360	11.64	18592
2023-09-28,四	14.96	16.3	14.7	16	7.45%	10.75%	27,257,410	425,568,900	16.38	28289
2023-10-09,一	16.53	17.51	16.47	17.02	6.38%	6.50%	35,758,556	608,980,220	21.49	40003
2023-10-10,二	17.6	17.83	16.8	17.08	0.35%	6.05%	30,714,982	530,938,970	18.46	33194
2023-10-11,三	17.09	18	17.09	17.66	3.40%	5.33%	29,196,510	514,410,910	17.55	38925
2023-10-12,四	17.3	17.69	16.9	17.42	-1.36%	4.47%	21,546,863	371,499,420	12.95	26004
2023-10-13,五	17.15	18.19	17.15	17.66	1.38%	5.97%	26,758,746	476,371,050	16.08	31268
2023-10-16,一	18.27	18.61	17.26	17.5	-0.91%	7.64%	35,996,041	645,938,720	21.63	44126
2023-10-17,二	16.6	17.04	16.2	16.27	-7.03%	4.80%	26,162,182	433,581,100	15.72	29408
2023-10-18,三	16.3	16.41	15.67	15.8	-2.89%	4.55%	16,272,116	258,462,200	9.78	23175
2023-10-19,四	15.6	15.86	15.09	15.15	-4.11%	4.87%	15,840,391	244,456,900	9.52	19608
2023-10-20,五	15.02	15.29	14.07	14.11	-6.86%	8.05%	16,827,107	244,173,150	10.11	22166
2023-10-23,一	13.96	14.34	13.6	13.79	-2.27%	5.24%	10,685,562	148,796,610	6.42	16079
2023-10-24,二	13.9	14.5	13.9	14.38	4.28%	4.35%	13,823,898	197,249,520	8.31	18912
2023-10-25,三	14.05	14.51	14.05	14.3	-0.56%	3.20%	13,488,101	191,823,200	8.11	19270
2023-10-26,四	14.05	15.78	14.05	15.74	10.07%	12.10%	25,393,762	383,405,240	15.26	32895
2023-10-27,五	15.68	15.97	15.05	15.45	-1.84%	5.84%	18,375,841	285,533,580	11.04	26292
2023-10-30,一	15.15	16.3	15.15	15.87	2.72%	7.44%	15,929,826	251,031,240	9.57	24157
2023-10-31,二	15.8	16.1	15.44	15.57	-1.89%	4.16%	11,892,102	187,377,880	7.15	19299
2023-11-01,三	15.48	16.1	15.34	15.5	-0.45%	4.88%	12,429,840	194,958,710	7.47	19002
2023-11-02,四	15.5	15.62	14.55	14.69	-5.23%	6.90%	14,565,536	217,683,380	8.75	24395
2023-11-03,五	14.79	15.12	14.6	15.05	2.45%	3.54%	9,810,353	146,197,390	5.9	17807
2023-11-06,一	15.17	15.88	15	15.53	3.19%	5.85%	13,877,462	214,260,460	8.34	19499
2023-11-07,二	15.55	16.46	15.2	16.19	4.25%	8.11%	21,727,963	347,756,040	13.06	29407
2023-11-08,三	16.28	16.32	15.84	16.11	-0.49%	2.96%	13,237,323	212,408,690	7.96	18288
2023-11-09,四	16.21	16.26	15.28	15.4	-4.41%	6.08%	13,287,435	208,773,150	7.99	18371
2023-11-10,五	15.4	15.76	15.32	15.39	-0.06%	2.86%	8,571,437	132,547,498	5.15	17846
2023-11-13,一	15.4	15.81	15.32	15.48	0.58%	3.18%	8,287,400	128,833,282	4.98	16888
2023-11-14,二	15.41	16.01	15.3	16	3.36%	4.59%	12,422,698	196,633,670	7.47	19317
2023-11-15,三	16.11	16.2	15.67	15.9	-0.63%	3.31%	10,160,988	161,683,810	6.11	14745
2023-11-16,四	15.85	16.22	15.72	15.77	-0.82%	3.14%	11,275,304	180,028,300	6.78	17115
2023-11-17,五	15.7	16.2	15.6	16.12	2.22%	3.80%	13,182,183	210,074,850	7.92	18177
2023-11-20,一	15.98	16.44	15.61	16.15	0.19%	5.15%	17,750,238	285,138,140	10.67	24265
2023-11-21,二	16.25	16.25	15.63	15.7	-2.79%	3.84%	14,410,883	229,163,620	8.66	18382
2023-11-22,三	15.7	15.87	15.1	15.11	-3.76%	4.90%	10,744,733	165,180,010	6.46	15943
2023-11-23,四	15.08	15.35	14.85	14.98	-0.86%	3.31%	9,464,800	142,702,510	5.69	12970
2023-11-24,五	15.08	15.09	14.42	14.49	-3.27%	4.47%	7,718,150	112,609,494	4.64	12524
2023-11-27,一	14.45	14.93	14.44	14.78	2.00%	3.38%	7,137,850	104,937,583	4.29	12763
2023-11-28,二	14.72	15.39	14.68	14.97	1.29%	4.80%	8,001,011	120,479,911	4.81	13098
2023-11-29,三	17.96	17.96	17.96	17.96	19.97%	0.00%	18,348,138	329,532,560	11.03	5150
2023-11-30,四	18.5	20.64	18.11	18.8	4.68%	14.09%	80,923,850	1,553,137,400	48.63	77279
2023-12-01,五	19.3	19.79	17.39	17.41	-7.39%	12.77%	62,556,074	1,152,166,600	37.6	65415
2023-12-04,一	17	17.28	16.52	16.75	-3.79%	4.37%	40,286,209	678,149,970	24.21	56409
2023-12-05,二	16.7	17.04	16.25	16.25	-2.99%	4.72%	27,046,087	448,442,700	16.25	40117
2023-12-06,三	16.36	16.49	15.96	16.18	-0.43%	3.26%	16,726,894	271,139,820	10.05	23648
2023-12-07,四	16.2	16.4	16.02	16.21	0.19%	2.35%	13,942,976	226,111,690	8.38	17242
2023-12-08,五	16.29	16.65	15.87	15.88	-2.04%	4.81%	21,666,064	354,029,970	13.02	33848
2023-12-11,一	15.87	16.45	15.82	16.28	2.52%	3.97%	15,161,589	244,665,050	9.11	25064
2023-12-12,二	16.12	16.38	16.06	16.11	-1.04%	1.97%	9,759,317	157,947,340	5.87	16154
2023-12-13,三	16.08	16.16	15.59	15.63	-2.98%	3.54%	13,703,816	215,673,970	8.24	21485
2023-12-14,四	15.67	15.74	15.3	15.34	-1.86%	2.82%	9,378,709	144,897,400	5.64	13245
2023-12-15,五	15.34	15.39	15.08	15.16	-1.17%	2.02%	6,491,361	98,754,791	3.9	9969
2023-12-18,一	15.06	15.26	14.86	14.94	-1.45%	2.64%	7,354,014	110,354,759	4.42	12786
2023-12-19,二	14.93	15	14.72	14.89	-0.33%	1.87%	6,012,434	89,283,473	3.61	10092
2023-12-20,三	14.95	15.4	14.74	15.07	1.21%	4.43%	14,236,537	215,607,910	8.56	25622
2023-12-21,四	14.99	15.08	14.56	15.03	-0.27%	3.45%	10,781,291	159,800,510	6.48	17189
2023-12-22,五	14.97	15.16	14.44	14.49	-3.59%	4.79%	9,533,500	140,840,290	5.73	14643
2023-12-25,一	14.55	15.45	14.38	15.4	6.28%	7.38%	14,556,647	219,179,950	8.75	19024
2023-12-26,二	15.33	15.74	15.1	15.48	0.52%	4.16%	16,235,824	250,880,950	9.76	20570
2023-12-27,三	15.27	15.4	14.81	15.14	-2.20%	3.81%	9,274,550	140,033,140	5.57	10559
2023-12-28,四	15	15.64	14.7	15.27	0.86%	6.21%	13,389,549	204,536,970	8.05	14270
2023-12-29,五	15.27	16	15.1	15.85	3.80%	5.89%	15,628,376	245,646,080	9.39	15862
2024-01-02,二	15.95	16	15.67	15.73	-0.76%	2.08%	8,306,471	131,279,759	4.99	8180
2024-01-03,三	15.51	15.75	15.15	15.42	-1.97%	3.81%	9,996,795	154,096,840	6.01	12221
2024-01-04,四	15.27	15.35	14.91	14.94	-3.11%	2.85%	7,134,726	107,249,853	4.29	8391
2024-01-05,五	14.98	15.08	14.44	14.58	-2.41%	4.28%	7,383,958	108,567,801	4.44	9324
2024-01-08,一	14.4	14.5	13.77	13.99	-4.05%	5.01%	7,662,570	107,758,337	4.61	10586
2024-01-09,二	14.03	14.32	13.77	13.86	-0.93%	3.93%	7,357,537	103,488,206	4.42	12319
2024-01-10,三	13.71	13.98	13.18	13.19	-4.83%	5.77%	9,900,017	132,026,130	5.95	12879
2024-01-11,四	13.17	13.97	13.11	13.9	5.38%	6.52%	8,070,950	109,857,702	4.85	14697
2024-01-12,五	13.88	13.94	13.65	13.66	-1.73%	2.09%	5,153,925	71,178,144	3.1	10218
2024-01-15,一	13.58	13.72	13.37	13.43	-1.68%	2.56%	4,745,700	64,122,940	2.85	8899
2024-01-16,二	13.43	13.43	13.07	13.31	-0.89%	2.68%	4,951,150	65,452,420	2.98	9396
2024-01-17,三	13.39	13.54	13.05	13.07	-1.80%	3.68%	5,613,750	74,449,727	3.37	11956
2024-01-18,四	12.99	13.3	12.8	13.24	1.30%	3.83%	6,677,355	87,062,078	4.01	12229
2024-01-19,五	13.27	13.35	12.79	12.82	-3.17%	4.23%	5,102,900	66,529,314	3.07	11004
2024-01-22,一	12.91	12.91	11.79	11.99	-6.47%	8.74%	8,514,053	105,123,638	5.12	12913
2024-01-23,二	11.95	12.23	11.78	12.05	0.50%	3.75%	5,653,850	68,041,276	3.4	8766
2024-01-24,三	12.05	12.21	11.45	11.89	-1.33%	6.31%	6,216,058	73,393,232	3.74	9014
2024-01-25,四	11.9	12.34	11.78	12.28	3.28%	4.71%	5,260,200	63,837,610	3.16	8211
2024-01-26,五	12.2	12.39	11.95	11.96	-2.61%	3.58%	4,532,200	55,172,972	2.72	7486
2024-01-29,一	11.58	11.69	11.14	11.24	-6.02%	4.60%	8,004,623	90,813,968	4.81	12730
2024-01-30,二	11.11	11.36	10.95	10.95	-2.58%	3.65%	5,155,500	57,462,458	3.1	9428
2024-01-31,三	10.99	11.13	10.12	10.15	-7.31%	9.22%	7,499,122	78,739,094	4.51	14432
2024-02-01,四	10.06	10.23	9.71	9.93	-2.17%	5.12%	6,052,527	60,427,219	3.64	11664
2024-02-02,五	9.96	10.27	8.92	9.31	-6.24%	13.60%	8,458,849	80,726,913	5.08	14446
2024-02-05,一	9.28	9.29	7.6	7.81	-16.11%	18.15%	13,633,139	110,482,732	8.19	20834
2024-02-06,二	7.84	8.38	6.85	7.92	1.41%	19.59%	14,465,914	108,832,250	8.69	21160
2024-02-07,三	8	8.18	7.16	7.23	-8.71%	12.88%	14,989,989	113,904,668	9.01	19005
2024-02-08,四	7.23	8.11	6.95	8.02	10.93%	16.04%	14,737,350	113,010,697	8.86	16532
2024-02-19,一	8.15	8.74	8.15	8.6	7.23%	7.36%	12,136,813	103,302,806	7.29	14845
2024-02-20,二	8.65	9.34	8.39	9.28	7.91%	11.05%	13,208,760	119,428,201	7.94	17434
2024-02-21,三	9.1	10.02	9.01	9.6	3.45%	10.88%	12,968,724	124,259,588	7.79	13685
2024-02-22,四	9.73	10.05	9.54	10.03	4.48%	5.31%	10,578,640	104,130,346	6.36	11343
2024-02-23,五	10.03	10.51	9.91	10.5	4.69%	5.98%	10,118,200	103,644,568	6.08	12931
2024-02-26,一	10.7	11.33	10.51	10.93	4.10%	7.81%	14,190,600	154,444,620	8.53	19335
2024-02-27,二	10.86	11.57	10.66	11.54	5.58%	8.33%	12,204,602	135,835,210	7.33	16741
2024-02-28,三	11.54	11.8	9.91	9.91	-14.12%	16.38%	20,249,130	220,256,050	12.17	26505
2024-02-29,四	9.75	10.84	9.72	10.8	8.98%	11.30%	13,651,742	143,292,210	8.2	22611
2024-03-01,五	11.03	11.97	11	11.43	5.83%	8.98%	19,984,311	227,996,030	12.01	29226
2024-03-04,一	11.5	11.95	11.33	11.86	3.76%	5.42%	21,336,183	250,050,130	12.82	25043
2024-03-05,二	11.58	11.69	11.1	11.31	-4.64%	4.97%	19,165,735	217,694,460	11.52	22919
2024-03-06,三	11.59	12.17	11.16	11.77	4.07%	8.93%	21,731,034	253,598,760	13.06	25962
2024-03-07,四	11.58	12.33	11.41	11.49	-2.38%	7.82%	22,809,811	269,361,580	13.71	20981
2024-03-08,五	11.6	11.77	11.2	11.66	1.48%	4.96%	15,222,096	175,845,300	9.15	13117
2024-03-11,一	11.41	12.14	11.25	12	2.92%	7.63%	19,562,181	229,339,460	11.76	19524
2024-03-12,二	11.82	11.97	11.58	11.82	-1.50%	3.25%	14,764,184	174,115,860	8.87	13668
2024-03-13,三	11.75	12.61	11.64	12.6	6.60%	8.21%	25,590,238	311,339,360	15.38	21833
2024-03-14,四	12.3	12.42	11.94	12.17	-3.41%	3.81%	19,592,968	239,102,520	11.78	20506
2024-03-15,五	12.17	12.57	11.86	12.43	2.14%	5.83%	18,817,058	232,100,730	11.31	14613
2024-03-18,一	12.56	13.29	12.41	13.03	4.83%	7.08%	24,802,391	319,629,210	14.91	16969
2024-03-19,二	12.91	13.3	12.83	12.84	-1.46%	3.61%	16,991,299	220,826,440	10.21	13382
2024-03-20,三	12.8	12.93	12.55	12.8	-0.31%	2.96%	13,487,169	171,000,240	8.11	14445
2024-03-21,四	12.65	14.97	12.5	14.4	12.50%	19.30%	41,888,226	574,555,200	25.17	37607
2024-03-22,五	14.74	15.48	14.2	15.3	6.25%	8.89%	43,079,930	645,630,260	25.89	34344
2024-03-25,一	15.4	15.55	13.68	13.9	-9.15%	12.22%	34,925,762	515,234,880	20.99	33594
2024-03-26,二	14.12	14.97	13.31	14.46	4.03%	11.94%	34,248,886	484,299,650	20.58	27591
2024-03-27,三	14.48	14.89	12.8	12.99	-10.17%	14.45%	33,156,950	455,826,060	19.93	24739
2024-03-28,四	13.09	14.13	12.95	13.65	5.08%	9.08%	23,111,223	313,046,600	13.89	24589
2024-03-29,五	13.69	14.39	13.58	14.28	4.62%	5.93%	20,166,320	283,402,590	12.12	24294
2024-04-01,一	14.6	14.94	14.3	14.75	3.29%	4.48%	23,911,656	350,557,150	14.37	25124
2024-04-02,二	14.36	14.75	14	14.3	-3.05%	5.08%	17,014,738	243,901,430	10.23	18006
2024-04-03,三	14.25	14.26	13.28	13.44	-6.01%	6.85%	17,674,956	239,817,840	10.62	17530
2024-04-08,一	13.3	13.72	12.64	12.71	-5.43%	8.04%	16,685,145	218,095,290	10.03	15795
2024-04-09,二	12.72	12.88	12.11	12.71	0.00%	6.06%	18,681,553	232,145,450	11.23	25962
2024-04-10,三	12.7	12.79	12.01	12.16	-4.33%	6.14%	10,523,382	129,280,130	6.32	15581
2024-04-11,四	11.93	12.38	11.93	12.11	-0.41%	3.70%	8,134,543	99,132,614	4.89	13012
2024-04-12,五	12.1	12.26	11.65	11.75	-2.97%	5.04%	8,527,602	101,661,881	5.13	10874
2024-04-15,一	11.67	11.79	10.58	10.89	-7.32%	10.30%	14,670,408	161,475,360	8.82	20235
2024-04-16,二	10.8	10.89	9.47	9.91	-9.00%	13.04%	13,448,308	133,963,131	8.08	21086
2024-04-17,三	10.42	10.99	10.42	10.99	10.90%	5.75%	12,807,075	138,260,780	7.7	18436
2024-04-18,四	11.1	11.59	10.63	11.22	2.09%	8.74%	13,421,197	150,678,560	8.07	18652
2024-04-19,五	11.07	11.6	10.93	11.13	-0.80%	5.97%	9,868,550	110,334,691	5.93	10793
2024-04-22,一	11.1	11.1	10.28	10.7	-3.86%	7.37%	7,207,852	76,883,126	4.33	8616
2024-04-23,二	10.8	11.37	10.69	11.36	6.17%	6.36%	11,051,569	123,118,827	6.64	12002
2024-04-24,三	11.28	11.9	11.02	11.73	3.26%	7.75%	15,905,240	182,300,680	9.56	17084
2024-04-25,四	11.79	11.88	11.45	11.52	-1.79%	3.67%	10,595,365	122,977,352	6.37	15199
2024-04-26,五	11.49	12.15	11.43	12	4.17%	6.25%	12,118,847	144,206,080	7.28	15090
2024-04-29,一	12.09	12.42	11.92	12.21	1.75%	4.17%	11,739,600	143,011,140	7.06	13671
2024-04-30,二	12.18	12.33	11.92	12.11	-0.82%	3.36%	7,430,513	89,917,080	4.47	11604
2024-05-06,一	12.26	12.46	12.14	12.3	1.57%	2.64%	8,170,701	100,384,461	4.91	9538
2024-05-07,二	12.28	12.44	12.15	12.25	-0.41%	2.36%	6,736,200	82,739,579	4.05	9710
2024-05-08,三	12.14	12.26	11.76	11.83	-3.43%	4.08%	8,864,350	105,923,321	5.33	12401
2024-05-09,四	11.66	12.11	11.66	11.74	-0.76%	3.80%	7,233,150	85,897,501	4.35	9924
2024-05-10,五	11.75	11.8	11.16	11.2	-4.60%	5.45%	8,973,815	101,971,977	5.39	14487
2024-05-13,一	11.1	11.11	10.56	10.63	-5.09%	4.91%	8,192,000	88,139,788	4.92	12967
2024-05-14,二	10.7	11	10.64	10.86	2.16%	3.39%	6,846,950	73,945,662	4.11	12284
2024-05-15,三	10.86	11.27	10.67	10.87	0.09%	5.52%	7,446,050	82,034,615	4.48	11473
2024-05-16,四	10.87	11.3	10.77	11.16	2.67%	4.88%	8,388,969	93,560,791	5.04	12437
2024-05-17,五	11.15	11.46	11.07	11.44	2.51%	3.49%	6,786,569	76,694,917	4.08	10891
2024-05-20,一	11.44	11.55	11.21	11.29	-1.31%	2.97%	6,151,141	69,774,845	3.7	12889
2024-05-21,二	11.21	11.34	11.02	11.17	-1.06%	2.83%	5,350,519	59,669,208	3.22	10523
2024-05-22,三	11.25	11.32	11.08	11.21	0.36%	2.15%	4,016,600	44,995,966	2.41	7830
2024-05-23,四	11.27	11.4	11.03	11.04	-1.52%	3.30%	6,588,706	73,670,452	3.96	12410
2024-05-24,五	11.14	12.06	10.78	11.6	5.07%	11.59%	19,411,263	223,437,920	11.67	25818
2024-05-27,一	11.3	11.5	10.79	11.18	-3.62%	6.12%	15,515,750	171,660,790	9.32	30584
2024-05-28,二	11.17	11.17	10.72	10.84	-3.04%	4.03%	7,879,900	85,568,232	4.74	16964
2024-05-29,三	10.83	11.09	10.71	10.82	-0.18%	3.51%	6,087,300	66,289,903	3.66	13217
2024-05-30,四	10.8	10.98	10.62	10.75	-0.65%	3.33%	5,168,700	55,928,014	3.11	12472
2024-05-31,五	10.88	11.24	10.76	10.96	1.95%	4.47%	7,440,300	82,242,283	4.47	13579
2024-06-03,一	11	11.17	10.62	10.76	-1.82%	5.02%	6,871,500	74,417,347	4.13	13339
2024-06-04,二	10.76	10.84	10.08	10.29	-4.37%	7.06%	8,092,900	83,466,590	4.86	14778
2024-06-05,三	10.44	10.52	10.19	10.25	-0.39%	3.21%	6,020,400	62,206,532	3.62	15175
2024-06-06,四	10.23	10.57	9.75	9.85	-3.90%	8.00%	8,089,950	81,719,914	4.86	16963
2024-06-07,五	10.05	10.18	9.79	9.91	0.61%	3.96%	7,218,969	72,031,481	4.34	12608
2024-06-11,二	9.9	10.15	9.57	10.12	2.12%	5.85%	6,406,000	63,874,287	3.85	14287
2024-06-12,三	10.19	10.47	10.1	10.33	2.08%	3.66%	6,377,488	66,068,388	3.83	12750
2024-06-13,四	10.3	10.7	10.29	10.41	0.77%	3.97%	6,374,500	66,950,468	3.83	13361
2024-06-14,五	10.4	10.6	10.12	10.54	1.25%	4.61%	7,051,100	73,840,887	4.24	13372
2024-06-17,一	10.54	10.9	10.31	10.67	1.23%	5.60%	8,116,950	86,877,273	4.88	13477
2024-06-18,二	10.67	11.27	10.67	11.24	5.34%	5.62%	11,716,050	129,683,899	7.04	19521
2024-06-19,三	11.46	11.69	11.12	11.17	-0.62%	5.07%	10,284,750	116,313,302	6.18	20086
2024-06-20,四	11.12	11.35	10.7	10.72	-4.03%	5.82%	8,376,651	91,926,212	5.03	15880
2024-06-21,五	10.78	10.88	10.3	10.72	0.00%	5.41%	6,093,300	65,085,141	3.66	13422
2024-06-24,一	10.52	10.69	9.98	10.05	-6.25%	6.62%	6,754,400	69,459,568	4.06	14072
2024-06-25,二	10.05	10.2	9.84	9.86	-1.89%	3.58%	5,818,800	58,082,631	3.5	11981
2024-06-26,三	9.91	10.49	9.71	10.47	6.19%	7.91%	7,040,000	71,651,379	4.21	14943
2024-06-27,四	10.46	10.88	10.18	10.21	-2.48%	6.69%	7,922,700	83,293,641	4.74	15440
2024-06-28,五	10.15	10.88	10.06	10.68	4.60%	8.03%	10,802,550	115,114,514	6.46	20320
2024-07-01,一	10.66	10.85	10.21	10.67	-0.09%	5.99%	8,734,750	91,211,231	4.62	17433
2024-07-02,二	10.7	11.04	10.64	10.73	0.56%	3.75%	8,142,868	87,962,738	4.3	14100
2024-07-03,三	10.61	10.71	10.28	10.36	-3.45%	4.01%	6,048,600	63,106,123	3.2	11302
2024-07-04,四	10.36	10.46	10	10.1	-2.51%	4.44%	4,501,250	45,896,633	2.38	8387
2024-07-05,五	10	10.6	9.84	10.49	3.86%	7.52%	8,441,600	86,922,981	4.46	15792
2024-07-08,一	10.22	10.31	9.96	9.98	-4.86%	3.34%	7,525,500	75,963,258	3.98	12885
2024-07-09,二	10.05	10.59	9.91	10.57	5.91%	6.81%	10,739,088	111,499,634	5.67	15541
2024-07-10,三	10.48	10.95	10.31	10.6	0.28%	6.05%	12,094,217	127,759,358	6.39	18275
2024-07-11,四	10.63	11.05	10.59	10.95	3.30%	4.34%	14,221,879	154,296,940	7.52	20720
2024-07-12,五	10.91	10.92	10.55	10.7	-2.28%	3.38%	8,906,750	95,237,129	4.71	12340
2024-07-15,一	10.61	10.64	10.3	10.33	-3.46%	3.18%	5,831,750	60,614,948	3.08	9912
2024-07-16,二	10.18	10.59	10.18	10.53	1.94%	3.97%	5,935,500	61,879,378	3.14	11188
2024-07-17,三	10.51	10.61	10.12	10.14	-3.70%	4.65%	6,375,450	65,717,805	3.37	8429
2024-07-18,四	10	10	9.55	9.82	-3.16%	4.44%	8,890,800	87,008,484	4.7	12347
2024-07-19,五	9.82	10.19	9.66	10.08	2.65%	5.40%	6,063,150	60,702,069	3.2	10241
2024-07-22,一	10.1	10.33	10	10.19	1.09%	3.27%	5,379,250	54,666,044	2.84	10189
2024-07-23,二	10.19	10.25	9.71	9.75	-4.32%	5.30%	5,016,100	50,161,351	2.65	8670
2024-07-24,三	9.75	10.14	9.58	9.66	-0.92%	5.74%	7,104,050	69,243,576	3.75	12861
2024-07-25,四	9.8	9.87	9.54	9.66	0.00%	3.42%	7,170,550	69,682,805	3.79	12639
2024-07-26,五	9.68	9.94	9.65	9.92	2.69%	3.00%	5,731,200	56,230,999	3.03	8833
2024-07-29,一	9.92	10.18	9.9	10.02	1.01%	2.82%	5,631,850	56,515,534	2.98	9950
2024-07-30,二	10	10.13	9.88	9.98	-0.40%	2.50%	4,504,558	44,950,187	2.38	8177
2024-07-31,三	9.95	10.38	9.92	10.33	3.51%	4.61%	7,543,100	77,153,368	3.99	11075
2024-08-01,四	10.37	10.43	10.22	10.28	-0.48%	2.03%	5,526,900	57,028,020	2.92	8127
2024-08-02,五	10.09	10.19	9.83	9.86	-4.09%	3.50%	6,181,900	61,820,831	3.27	8465
2024-08-05,一	9.72	9.83	9.14	9.14	-7.30%	7.00%	9,655,333	91,448,213	5.1	14693
2024-08-06,二	9.31	9.55	9.22	9.33	2.08%	3.61%	4,488,100	41,943,362	2.37	7707
2024-08-07,三	9.34	9.59	9.28	9.43	1.07%	3.32%	4,548,499	43,132,088	2.4	7143
2024-08-08,四	9.38	9.42	9.13	9.27	-1.70%	3.08%	3,907,800	36,194,479	2.06	6287
2024-08-09,五	9.39	9.73	9.29	9.51	2.59%	4.75%	6,180,150	58,665,459	3.27	9256
2024-08-12,一	9.49	9.62	9.2	9.23	-2.94%	4.42%	4,819,599	45,131,501	2.55	6620
2024-08-13,二	9.23	9.45	9.17	9.45	2.38%	3.03%	4,553,000	42,578,678	2.41	7845
2024-08-14,三	9.51	9.79	9.44	9.66	2.22%	3.70%	6,482,400	62,559,882	3.43	9586
2024-08-15,四	9.6	10.1	9.5	9.95	3.00%	6.21%	8,637,800	85,074,240	4.56	13437
2024-08-16,五	9.99	10.58	9.9	10.38	4.32%	6.83%	15,714,147	162,207,140	8.3	23007
2024-08-19,一	10.21	10.3	9.92	9.96	-4.05%	3.66%	9,229,200	93,187,141	4.88	15478
2024-08-20,二	10.01	10.47	9.91	10.03	0.70%	5.62%	9,715,250	98,437,164	5.13	19150
2024-08-21,三	9.91	10.43	9.81	10.23	1.99%	6.18%	9,680,914	98,970,368	5.12	14474
2024-08-22,四	10.16	10.5	10.01	10.14	-0.88%	4.79%	9,724,500	99,733,788	5.14	14454
2024-08-23,五	9.97	10.65	9.94	10.46	3.16%	7.00%	18,578,798	193,509,730	9.82	25724
2024-08-26,一	10.75	11.1	10.5	10.92	4.40%	5.74%	23,850,990	259,409,990	12.6	27617
2024-08-27,二	10.77	10.95	10.3	10.52	-3.66%	5.95%	19,519,718	206,817,830	10.31	23129
2024-08-28,三	10.26	11.2	10.23	10.99	4.47%	9.22%	24,883,392	269,327,120	13.15	26832
2024-08-29,四	10.96	11.58	10.84	11.35	3.28%	6.73%	34,475,508	388,250,130	18.22	31702
2024-08-30,五	11.59	12.12	11.23	11.36	0.09%	7.84%	36,940,720	430,420,230	19.52	31460
2024-09-02,一	11.21	11.46	10.94	11	-3.17%	4.58%	21,886,398	244,295,370	11.57	19284
2024-09-03,二	11.13	11.45	10.83	11.05	0.45%	5.64%	20,522,733	228,058,680	10.84	17185
2024-09-04,三	10.8	10.8	10.34	10.64	-3.71%	4.16%	18,340,554	193,971,690	9.69	21043
2024-09-05,四	10.67	11.09	10.45	10.84	1.88%	6.02%	15,876,484	170,620,970	8.39	17183
2024-09-06,五	10.78	10.84	10.22	10.25	-5.44%	5.72%	14,586,245	151,817,410	7.71	17244
2024-09-09,一	10.42	10.52	10	10.06	-1.85%	5.07%	8,896,800	90,630,045	4.7	11625
2024-09-10,二	10.04	10.39	9.85	10.31	2.49%	5.37%	9,889,250	100,215,289	5.23	12835
2024-09-11,三	10.32	10.32	9.99	10.04	-2.62%	3.20%	6,766,150	68,171,513	3.58	9726
2024-09-12,四	10.06	10.14	9.85	9.88	-1.59%	2.89%	6,211,435	62,002,393	3.28	8662
2024-09-13,五	9.89	9.93	9.54	9.56	-3.24%	3.95%	6,830,099	66,075,647	3.61	9406
2024-09-18,三	9.68	9.68	9.2	9.34	-2.30%	5.02%	5,865,404	54,869,492	3.1	7217
2024-09-19,四	9.41	9.58	9.32	9.56	2.36%	2.78%	5,884,700	55,780,561	3.11	9209
2024-09-20,五	9.59	9.74	9.45	9.55	-0.10%	3.03%	5,995,600	57,322,068	3.17	8645
2024-09-23,一	9.58	9.85	9.53	9.72	1.78%	3.35%	8,038,107	78,177,440	4.25	11419
2024-09-24,二	9.7	9.87	9.43	9.86	1.44%	4.53%	10,742,600	104,363,541	5.68	11678
2024-09-25,三	9.93	10.2	9.87	9.93	0.71%	3.35%	10,817,300	108,612,151	5.72	12879
2024-09-26,四	10.08	10.19	9.98	10.19	2.62%	2.11%	11,570,957	116,968,567	6.11	13496
2024-09-27,五	10.29	11.09	10.26	10.87	6.67%	8.15%	18,478,307	197,077,520	9.76	16453
2024-09-30,一	11.31	12.69	11.11	12.58	15.73%	14.54%	28,493,726	340,029,500	15.06	27561
2024-10-08,二	14.9	15.08	12.99	14.62	16.22%	16.61%	35,957,051	508,707,900	19	29094
2024-10-09,三	13.5	14.1	12.55	12.56	-14.09%	10.60%	23,784,051	319,769,300	12.57	29580
2024-10-10,四	12.75	13.2	12.55	12.56	0.00%	5.18%	15,803,999	203,114,650	8.35	22066
2024-10-11,五	12.57	12.57	11.6	11.79	-6.13%	7.72%	13,355,834	160,208,350	7.06	19878
2024-10-14,一	11.9	13.46	11.78	13.44	13.99%	14.25%	28,227,898	360,300,380	14.92	34196
2024-10-15,二	13.45	14.01	13.03	13.19	-1.86%	7.29%	31,040,564	423,702,450	16.4	37313
2024-10-16,三	12.9	13.73	12.9	13.21	0.15%	6.29%	18,063,200	240,129,750	9.55	26832
2024-10-17,四	13.26	14.14	13.26	13.62	3.10%	6.66%	28,036,067	385,250,310	14.81	33652
2024-10-18,五	13.49	14.29	13.4	13.92	2.20%	6.53%	30,145,118	420,005,980	15.93	36592
2024-10-21,一	14	14.58	13.88	14.16	1.72%	5.03%	27,798,257	394,841,980	14.69	30457
2024-10-22,二	13.91	14.34	13.5	13.81	-2.47%	5.93%	21,338,405	295,553,260	11.28	26116
2024-10-23,三	13.68	13.93	13.43	13.51	-2.17%	3.62%	14,836,750	203,518,180	7.84	20317
2024-10-24,四	13.55	14.14	13.4	13.87	2.66%	5.48%	15,809,284	217,901,070	8.35	22450
2024-10-25,五	14	14.43	13.86	14.28	2.96%	4.11%	18,262,250	258,426,810	9.65	20999
2024-10-28,一	14.18	14.2	13.7	13.94	-2.38%	3.50%	17,188,103	238,259,320	9.08	21697
2024-10-29,二	13.9	14.66	13.64	14.26	2.30%	7.32%	27,956,004	400,589,920	14.77	32916
2024-10-30,三	14.13	14.78	14.1	14.78	3.65%	4.77%	26,235,338	379,038,390	13.86	29409
2024-10-31,四	15.4	15.5	14.25	14.47	-2.10%	8.46%	41,327,907	617,235,640	21.84	40477
2024-11-01,五	14.14	14.28	12.77	12.81	-11.47%	10.44%	26,039,801	352,562,530	13.76	19303
2024-11-04,一	12.85	13.77	12.78	13.73	7.18%	7.73%	18,029,966	240,044,390	9.53	15004
2024-11-05,二	13.58	14.26	13.51	14.14	2.99%	5.46%	17,772,140	248,354,780	9.39	19875
2024-11-06,三	14.24	14.39	13.75	13.89	-1.77%	4.53%	18,788,283	263,524,580	9.93	19400
2024-11-07,四	13.66	13.87	13.48	13.85	-0.29%	2.81%	13,855,972	189,986,710	7.32	13632
2024-11-08,五	14	14.45	13.93	14.31	3.32%	3.75%	20,175,138	286,039,450	10.66	16503
2024-11-11,一	14.44	15.02	14.31	14.89	4.05%	4.96%	23,257,390	340,974,090	12.29	18395
2024-11-12,二	14.92	15.1	14.34	14.6	-1.95%	5.10%	18,819,250	276,751,910	9.94	16791
2024-11-13,三	14.46	14.68	13.96	14.46	-0.96%	4.93%	11,778,850	168,461,550	6.22	12310
2024-11-14,四	14.44	14.53	13.81	13.92	-3.73%	4.98%	8,369,750	118,185,618	4.42	9741
2024-11-15,五	13.78	14.64	13.78	13.93	0.07%	6.18%	12,177,038	172,669,910	6.43	13748
2024-11-18,一	14.18	14.2	13	13.09	-6.03%	8.61%	10,002,832	133,867,820	5.29	12592
2024-11-19,二	13.24	13.71	13.15	13.7	4.66%	4.28%	8,570,292	115,515,985	4.53	9676
2024-11-20,三	13.75	13.88	13.57	13.79	0.66%	2.26%	8,496,125	116,691,261	4.49	8359
2024-11-21,四	13.64	14.08	13.36	13.81	0.15%	5.22%	9,182,450	125,476,095	4.85	9643
2024-11-22,五	13.75	14.15	13.22	13.27	-3.91%	6.73%	9,584,378	131,791,541	5.06	10116
2024-11-25,一	13.29	13.54	13.04	13.41	1.06%	3.77%	5,944,032	78,746,585	3.14	6891
2024-11-26,二	13.33	13.48	13.02	13.03	-2.83%	3.43%	5,525,882	72,974,316	2.92	5917
2024-11-27,三	12.98	13.15	12.59	13.15	0.92%	4.30%	6,573,832	84,667,340	3.47	7919
2024-11-28,四	13.18	13.29	13.02	13.1	-0.38%	2.05%	6,918,188	90,961,829	3.66	7786
2024-11-29,五	13.01	13.49	12.83	13.31	1.60%	5.04%	9,645,350	127,524,995	5.1	10838
2024-12-02,一	13.39	13.9	13.33	13.74	3.23%	4.28%	10,263,282	140,024,180	5.42	10343
2024-12-03,二	13.82	13.94	13.48	13.62	-0.87%	3.35%	7,819,915	107,199,226	4.13	8940
2024-12-04,三	13.55	13.85	13.34	13.41	-1.54%	3.74%	8,779,665	119,021,659	4.64	10241
2024-12-05,四	13.25	13.68	13.25	13.49	0.60%	3.21%	8,434,200	114,207,452	4.46	11045
2024-12-06,五	13.44	13.52	13.08	13.39	-0.74%	3.26%	10,351,500	137,399,350	5.47	11688
2024-12-09,一	13.59	13.9	13.48	13.83	3.29%	3.14%	14,108,150	193,395,830	7.46	13720
2024-12-10,二	14.22	14.46	13.93	13.93	0.72%	3.83%	17,374,415	246,115,510	9.18	15825
2024-12-11,三	13.83	14.25	13.66	14.22	2.08%	4.24%	12,606,326	177,521,300	6.66	14645
2024-12-12,四	14.15	14.57	13.88	14.32	0.70%	4.85%	13,812,250	196,327,790	7.3	14537
2024-12-13,五	14.19	14.4	13.66	13.7	-4.33%	5.17%	9,825,737	137,596,330	5.19	11549
2024-12-16,一	13.7	13.86	13.33	13.44	-1.90%	3.87%	6,873,200	93,060,192	3.63	9266
2024-12-17,二	13.46	13.48	12.78	12.79	-4.84%	5.21%	8,184,870	106,865,087	4.33	11416
2024-12-18,三	12.87	13.04	12.44	12.83	0.31%	4.69%	6,363,808	81,316,006	3.36	8081
2024-12-19,四	12.65	13.03	12.57	12.92	0.70%	3.59%	5,343,300	68,644,514	2.82	6758
2024-12-20,五	12.82	13.34	12.82	13.2	2.17%	4.02%	6,194,610	81,414,296	3.27	7724
2024-12-23,一	13.2	13.31	12.25	12.29	-6.89%	8.03%	9,507,450	120,297,136	5.02	12717
2024-12-24,二	12.5	12.64	12.24	12.55	2.12%	3.25%	6,669,650	83,230,043	3.52	9034
2024-12-25,三	12.52	12.52	11.97	12.16	-3.11%	4.38%	6,855,834	83,777,369	3.62	9284
2024-12-26,四	12.1	12.49	12.09	12.4	1.97%	3.29%	5,749,712	71,235,243	3.04	8045
2024-12-27,五	12.43	12.76	12.34	12.41	0.08%	3.39%	8,483,615	106,536,575	4.48	7965
2024-12-30,一	12.4	12.4	11.79	12.14	-2.18%	4.92%	6,555,800	79,892,131	3.46	8020
2024-12-31,二	12.2	12.4	11.63	11.75	-3.21%	6.34%	7,090,715	84,665,096	3.75	8529
2025-01-02,四	11.75	11.8	11.13	11.23	-4.43%	5.70%	6,339,350	72,547,141	3.35	8090
2025-01-03,五	11.27	11.37	10.57	10.63	-5.34%	7.12%	6,915,363	75,578,557	3.65	8903
2025-01-06,一	10.52	10.74	10.13	10.61	-0.19%	5.74%	4,629,415	48,661,272	2.45	6657
2025-01-07,二	10.61	10.91	10.54	10.9	2.73%	3.49%	4,589,221	49,230,674	2.43	6465
2025-01-08,三	10.89	10.94	10.39	10.8	-0.92%	5.05%	5,530,600	59,130,761	2.92	8452
2025-01-09,四	10.7	11.08	10.7	10.95	1.39%	3.52%	4,597,800	50,487,968	2.43	6795
2025-01-10,五	10.92	11.22	10.55	10.55	-3.65%	6.12%	6,103,750	66,783,098	3.23	9169
2025-01-13,一	10.41	10.75	10.15	10.63	0.76%	5.69%	4,702,900	49,249,801	2.49	8069
2025-01-14,二	10.66	11.36	10.66	11.35	6.77%	6.59%	6,928,600	76,850,751	3.66	10412
2025-01-15,三	11.37	11.41	11.07	11.12	-2.03%	3.00%	5,191,450	58,094,464	2.74	7807
2025-01-16,四	11.13	11.77	11.13	11.43	2.79%	5.76%	11,043,050	126,041,009	5.84	15767
2025-01-17,五	11.3	11.56	11.23	11.48	0.44%	2.89%	8,631,401	98,703,862	4.56	11968
2025-01-20,一	11.54	11.8	11.42	11.77	2.53%	3.31%	8,003,171	93,375,574	4.23	10776
2025-01-21,二	11.77	11.97	11.75	11.91	1.19%	1.87%	7,156,471	84,805,482	3.78	9469
2025-01-22,三	11.8	11.92	11.61	11.72	-1.60%	2.60%	5,624,936	66,311,883	2.97	8668
2025-01-23,四	11.72	11.96	11.54	11.55	-1.45%	3.58%	8,084,600	95,275,104	4.27	12057
2025-01-24,五	11.54	11.77	11.47	11.73	1.56%	2.60%	6,219,900	72,306,067	3.29	9474
2025-01-27,一	12	12.07	11.43	11.44	-2.47%	5.46%	5,617,100	65,519,762	2.97	7697
2025-02-05,三	11.65	11.98	11.62	11.93	4.28%	3.15%	7,014,000	83,106,754	3.71	9340
2025-02-06,四	11.85	12.29	11.8	12.26	2.77%	4.11%	8,462,900	102,838,627	4.47	10056
2025-02-07,五	12.28	12.45	12.12	12.32	0.49%	2.69%	10,682,400	131,672,712	5.64	12119
2025-02-10,一	12.29	12.66	12.25	12.53	1.70%	3.33%	9,585,300	119,311,160	5.07	12837
2025-02-11,二	12.49	12.52	12.3	12.4	-1.04%	1.76%	8,262,996	102,293,665	4.37	11674
2025-02-12,三	12.43	12.86	12.31	12.47	0.56%	4.44%	11,797,850	147,401,280	6.23	14644
2025-02-13,四	12.52	12.56	12.18	12.24	-1.84%	3.05%	8,008,924	98,548,595	4.23	12303
2025-02-14,五	12.18	12.3	12.05	12.2	-0.33%	2.04%	5,926,130	72,142,637	3.13	9081
2025-02-17,一	12.21	12.32	12.07	12.18	-0.16%	2.05%	7,616,818	92,941,115	4.02	10621
2025-02-18,二	12.22	12.3	11.7	11.81	-3.04%	4.93%	9,106,800	109,052,010	4.81	14547
2025-02-19,三	11.75	12.17	11.75	12.1	2.46%	3.56%	6,937,280	83,498,006	3.67	10204
2025-02-20,四	12.07	13.58	12.02	13.31	10.00%	12.89%	28,329,118	365,793,060	14.97	28621
2025-02-21,五	13.23	14.16	12.97	13.7	2.93%	8.94%	33,487,128	454,038,500	17.7	37095
2025-02-24,一	13.77	14.67	13.63	14.46	5.55%	7.59%	39,122,417	556,681,920	20.67	42865
2025-02-25,二	14.98	17.35	14.48	16.8	16.18%	19.85%	72,239,210	1,160,719,160	38.17	64705
2025-02-26,三	17.4	20	17.4	18.76	11.67%	15.48%	82,997,707	1,515,589,700	43.86	74941
2025-02-27,四	18.62	20.24	18.12	19.27	2.72%	11.30%	60,441,277	1,167,231,480	31.94	80432
2025-02-28,五	18.91	19.31	17.59	18.03	-6.43%	8.93%	43,809,862	802,697,100	23.15	67596
2025-03-03,一	18	18.07	16.39	17.17	-4.77%	9.32%	36,632,285	632,939,240	19.36	59431
2025-03-04,二	17.5	19.32	17.32	19.05	10.95%	11.65%	43,648,940	808,401,470	23.07	63927
2025-03-05,三	20.12	21.8	20.12	21.56	13.18%	8.82%	49,733,845	1,034,704,770	26.28	83075
2025-03-06,四	21.35	22.12	20.7	21.45	-0.51%	6.59%	41,284,305	887,564,150	21.82	70249
2025-03-07,五	21.64	22.24	20.7	21.11	-1.59%	7.18%	33,084,913	702,608,320	17.48	58347
2025-03-10,一	21	21.45	20.31	20.8	-1.47%	5.40%	20,498,761	425,908,580	10.83	40989
2025-03-11,二	20.05	21.12	19.88	20.75	-0.24%	5.96%	24,787,608	511,926,490	13.1	50319
2025-03-12,三	20.7	21.02	17.77	18.1	-12.77%	15.66%	62,421,187	1,187,220,930	32.98	89498
2025-03-13,四	18.26	18.39	17.03	17.44	-3.65%	7.51%	43,405,590	759,363,980	22.94	78962
2025-03-14,五	17.3	19.64	16.75	19.37	11.07%	16.57%	51,778,939	949,039,200	27.36	80211
2025-03-17,一	20.71	21.27	19.71	20.81	7.43%	8.05%	44,582,124	920,372,680	23.56	69109
2025-03-18,二	20.7	21.03	20.18	20.67	-0.67%	4.08%	28,518,350	587,695,030	15.07	62608
2025-03-19,三	20.74	21.11	20.1	20.67	0.00%	4.89%	25,888,656	536,406,280	13.68	51142
2025-03-20,四	20.58	21.77	19.81	20.61	-0.29%	9.48%	31,949,700	664,086,270	16.88	65719
2025-03-21,五	20.5	21.08	20.02	20.78	0.82%	5.14%	33,901,650	696,811,320	17.91	66776
2025-03-24,一	20.1	21.65	18.9	19.66	-5.39%	13.23%	40,595,758	822,213,800	21.45	76802
2025-03-25,二	19.66	19.69	18.37	18.46	-6.10%	6.71%	26,292,759	495,591,670	13.89	57204
2025-03-26,三	18.5	20.2	18.18	19.16	3.79%	10.94%	24,730,050	477,315,090	13.07	52738
2025-03-27,四	19.5	19.7	18.1	18.2	-5.01%	8.35%	20,048,189	373,696,320	10.59	44727
2025-03-28,五	18.42	20.4	18.22	19.4	6.59%	11.98%	36,160,850	699,243,970	19.11	70549
2025-03-31,一	18.2	18.43	15.52	16.43	-15.31%	15.00%	59,941,604	966,746,350	31.67	92698
2025-04-01,二	16.33	16.7	15.92	16.02	-2.50%	4.75%	31,303,826	507,368,840	16.54	57942
2025-04-02,三	15.91	17.35	15.88	16.45	2.68%	9.18%	28,146,428	469,007,400	14.87	46411
2025-04-03,四	16.35	16.65	15.88	16.2	-1.52%	4.68%	19,443,100	315,551,480	10.27	37125
2025-04-07,一	14.35	14.96	12.96	12.96	-20.00%	12.35%	25,427,000	344,766,940	13.44	38919
2025-04-08,二	13.15	14.19	12.95	13.35	3.01%	9.57%	26,436,250	357,473,650	13.97	44171
2025-04-09,三	13.01	14.31	11.43	14.17	6.14%	21.57%	35,467,550	464,945,040	18.74	57027
2025-04-10,四	14.72	15.35	14.52	14.56	2.75%	5.86%	28,079,550	416,848,660	14.84	46173
2025-04-11,五	14.4	14.95	14.4	14.65	0.62%	3.78%	17,729,259	260,259,610	9.37	29313
2025-04-14,一	15.08	15.45	14.89	15.01	2.46%	3.82%	17,346,500	262,153,190	9.17	34601
2025-04-15,二	14.94	15.39	14.82	15.09	0.53%	3.80%	17,329,564	262,066,880	9.16	33406
2025-04-16,三	15.11	15.21	14.44	14.72	-2.45%	5.10%	14,072,700	208,114,640	7.44	30317
2025-04-17,四	14.6	15.06	14.4	14.41	-2.11%	4.48%	13,456,700	197,808,430	7.11	22081
2025-04-18,五	14.42	14.59	14.16	14.41	0.00%	2.98%	10,721,400	154,022,280	5.67	21742
2025-04-21,一	14.66	15.08	14.28	15.06	4.51%	5.55%	15,390,700	227,407,490	8.13	25970
2025-04-22,二	15	15.13	14.72	14.8	-1.73%	2.72%	11,888,950	176,918,050	6.28	21435
2025-04-23,三	15.1	15.76	14.88	15.35	3.72%	5.95%	23,086,153	352,541,480	12.2	33467
2025-04-24,四	15.32	15.4	14.58	14.72	-4.10%	5.34%	17,224,450	255,922,910	9.1	27107
2025-04-25,五	14.3	14.54	13.96	14.16	-3.80%	3.94%	18,425,603	261,742,240	9.74	31453
2025-04-28,一	14.2	16.11	14.1	15.5	9.46%	14.19%	37,960,550	579,056,200	20.06	57438
2025-04-29,二	16.68	17.12	15.99	16.66	7.48%	7.29%	32,871,617	547,890,650	17.37	52973
2025-04-30,三	17.13	18.04	16.32	17.82	6.96%	10.32%	31,904,079	554,695,230	16.86	64597
2025-05-06,二	18.55	19.18	18.25	18.88	5.95%	5.22%	31,691,600	593,086,010	16.75	45371
2025-05-07,三	18.7	18.86	17.91	18.44	-2.33%	5.03%	29,877,540	549,286,400	15.79	49838
2025-05-08,四	18.14	19.38	18.14	19.09	3.52%	6.72%	32,575,767	618,794,650	17.21	46921
2025-05-09,五	19.09	19.18	17.79	18.48	-3.20%	7.28%	30,041,400	551,045,250	15.87	41272
2025-05-12,一	18.9	19.78	18.4	19.78	7.03%	7.47%	34,028,696	654,958,240	17.98	45602
2025-05-13,二	19.65	19.88	18.31	18.66	-5.66%	7.94%	31,253,450	588,937,400	16.52	47529
2025-05-14,三	18.96	18.96	18.2	18.52	-0.75%	4.07%	15,445,559	286,510,830	8.16	22950
2025-05-15,四	18.34	18.51	17.63	18.3	-1.19%	4.75%	18,127,600	327,015,400	9.58	29281
2025-05-16,五	18.03	19.63	17.87	19.53	6.72%	9.62%	31,530,000	604,923,770	16.66	40099
2025-05-19,一	20.92	21.14	19.91	20.46	4.76%	6.30%	36,613,392	748,404,160	19.35	52540
2025-05-20,二	20.46	20.94	19.71	20.3	-0.78%	6.01%	28,066,850	571,280,340	14.83	44721
2025-05-21,三	20.08	20.15	19.1	19.88	-2.07%	5.17%	24,563,400	481,831,660	12.98	30268
2025-05-22,四	19.69	19.76	18.9	19.05	-4.18%	4.33%	15,358,800	297,981,320	8.12	23769
2025-05-23,五	18.89	19.62	18.55	18.8	-1.31%	5.62%	15,469,450	294,035,110	8.17	24805
2025-05-26,一	18.71	18.9	18.45	18.76	-0.21%	2.39%	9,129,950	170,413,920	4.82	15249
2025-05-27,二	18.77	19.35	18	18.63	-0.69%	7.20%	18,114,700	338,474,240	9.57	36677
2025-05-28,三	18.76	20.25	18.41	19.8	6.28%	9.88%	30,520,935	590,269,940	16.13	40482
2025-05-29,四	19	19.39	17.6	18.1	-8.59%	9.04%	38,449,433	702,382,570	20.32	52154
2025-05-30,五	17.66	17.7	16.61	16.68	-7.85%	6.02%	21,559,128	365,843,660	11.39	24922
2025-06-03,二	16.22	17.05	16.22	16.54	-0.84%	4.98%	14,451,763	240,677,130	7.64	24345
2025-06-04,三	16.58	17.16	16.4	17.08	3.26%	4.59%	14,136,166	237,754,450	7.47	24093
2025-06-05,四	16.95	17.33	16.71	17.11	0.18%	3.63%	13,740,778	233,636,770	7.26	18650
2025-06-06,五	17.05	18.18	17.05	17.71	3.51%	6.60%	20,924,390	370,668,080	11.06	27633
2025-06-09,一	17.7	18.27	17.53	17.81	0.56%	4.18%	13,023,500	232,897,110	6.88	15433
2025-06-10,二	17.74	18.06	17.32	17.8	-0.06%	4.15%	12,504,262	221,677,930	6.61	15183
2025-06-11,三	17.82	18.05	17.66	17.79	-0.06%	2.19%	10,570,112	188,606,860	5.59	15857
2025-06-12,四	17.6	17.88	17.3	17.41	-2.14%	3.26%	11,281,404	197,951,010	5.96	14941
2025-06-13,五	17.02	17.33	16.38	16.48	-5.34%	5.46%	13,250,900	221,564,450	7	16245
2025-06-16,一	16.36	16.93	16.16	16.8	1.94%	4.67%	8,812,400	146,175,430	4.66	14552
2025-06-17,二	16.64	16.9	16.5	16.73	-0.42%	2.38%	6,505,890	108,557,059	3.44	10042
2025-06-18,三	16.63	16.85	16.38	16.7	-0.18%	2.81%	5,782,790	96,170,119	3.06	9067
2025-06-19,四	16.7	17.13	16.12	16.13	-3.41%	6.05%	9,739,800	161,452,340	5.15	15173
2025-06-20,五	16.17	16.33	15.72	15.83	-1.86%	3.78%	7,797,400	124,238,643	4.12	14691
2025-06-23,一	15.98	16.34	15.81	16.17	2.15%	3.35%	5,632,350	90,941,292	2.98	10476
2025-06-24,二	16.14	17.05	16.14	16.99	5.07%	5.63%	10,662,850	178,283,180	5.63	14860
2025-06-25,三	16.99	17.37	16.87	17.08	0.53%	2.94%	9,740,900	166,306,410	5.15	13953
2025-06-26,四	17	17.14	16.54	16.59	-2.87%	3.51%	9,551,000	161,035,600	5.05	13293
2025-06-27,五	16.6	16.75	16.43	16.57	-0.12%	1.93%	6,162,150	102,132,089	3.26	9472
2025-06-30,一	16.55	17.24	16.55	16.95	2.29%	4.16%	9,601,350	162,742,530	5.07	12257
2025-07-01,二	16.95	17.42	16.91	17.08	0.77%	3.01%	9,489,350	162,523,430	5.01	11804
2025-07-02,三	17.02	17.32	16.57	16.77	-1.81%	4.39%	6,716,900	112,449,573	3.55	10543
2025-07-03,四	16.77	17.18	16.56	17	1.37%	3.70%	11,605,300	196,494,190	6.13	15092
2025-07-04,五	16.9	16.95	16.5	16.66	-2.00%	2.65%	8,709,150	145,589,490	4.6	13485
2025-07-07,一	16.74	16.78	16.43	16.66	0.00%	2.10%	5,293,500	88,050,889	2.8	10543
2025-07-08,二	16.61	16.94	16.59	16.74	0.48%	2.10%	6,039,000	101,171,202	3.19	10664
2025-07-09,三	16.72	17	16.37	16.41	-1.97%	3.76%	8,655,950	143,908,830	4.57	13554
2025-07-10,四	16.5	17.83	16.06	17.52	6.76%	10.79%	27,126,461	463,439,370	14.33	28914
2025-07-11,五	17.64	17.69	17.3	17.47	-0.29%	2.23%	15,647,044	273,557,800	8.27	27344
2025-07-14,一	17.44	17.55	17.05	17.41	-0.34%	2.86%	8,864,500	153,318,820	4.68	13997
2025-07-15,二	17.31	17.42	16.9	17.39	-0.11%	2.99%	9,689,900	166,886,690	5.12	13334
2025-07-16,三	17.37	18.14	17.15	17.75	2.07%	5.69%	16,766,859	297,552,800	8.86	19242
2025-07-17,四	17.66	18.15	17.56	17.87	0.68%	3.32%	11,766,406	210,349,790	6.22	12948
2025-07-18,五	17.87	17.89	17.44	17.56	-1.73%	2.52%	7,295,000	128,362,345	3.85	11315
2025-07-21,一	17.56	17.72	17.3	17.56	0.00%	2.39%	7,797,756	136,384,610	4.12	9509
2025-07-22,二	17.41	17.66	17.3	17.31	-1.42%	2.05%	6,567,845	114,380,922	3.47	10760
2025-07-23,三	17.32	17.39	17.12	17.17	-0.81%	1.56%	4,917,231	84,744,451	2.6	7904
2025-07-24,四	17.24	17.99	17.14	17.74	3.32%	4.95%	12,799,993	225,530,010	6.76	14383
2025-07-25,五	17.65	17.98	17.55	17.9	0.90%	2.42%	9,618,400	171,363,160	5.08	11288
2025-07-28,一	18	18.25	17.67	18.04	0.78%	3.24%	13,822,100	248,592,330	7.3	14793
2025-07-29,二	17.89	17.98	17.45	17.63	-2.27%	2.94%	9,497,790	167,638,630	5.02	11784
2025-07-30,三	17.5	17.58	17.14	17.36	-1.53%	2.50%	8,295,660	143,629,720	4.38	10544
2025-07-31,四	17.38	17.95	17.33	17.55	1.09%	3.57%	12,554,933	221,470,430	6.63	16019
2025-08-01,五	17.41	17.92	17.26	17.39	-0.91%	3.76%	9,561,966	167,796,390	5.05	13566
2025-08-04,一	17.23	18.05	17.13	17.99	3.45%	5.29%	14,624,848	260,518,940	7.73	21474
2025-08-05,二	18.07	18.33	17.96	18.28	1.61%	2.06%	12,178,470	221,123,610	6.44	16294
2025-08-06,三	18.3	18.78	18.16	18.49	1.15%	3.39%	12,677,137	234,896,200	6.7	18893
2025-08-07,四	18.44	18.58	18.01	18.06	-2.33%	3.08%	10,131,550	184,810,090	5.35	17841
2025-08-08,五	17.71	17.86	17.15	17.58	-2.66%	3.93%	14,101,100	248,051,790	7.45	26484
2025-08-11,一	17.58	18.4	17.41	17.99	2.33%	5.63%	13,814,128	246,812,450	7.3	18148
2025-08-12,二	17.9	18.14	17.67	18	0.06%	2.61%	9,972,600	178,182,280	5.27	14473
2025-08-13,三	18	18.6	17.83	18.6	3.33%	4.28%	16,364,100	299,344,080	8.65	20419
2025-08-14,四	18.59	18.61	17.8	18	-3.23%	4.35%	16,948,850	306,025,080	8.96	25237
2025-08-15,五	17.91	18.72	17.91	18.48	2.67%	4.50%	17,553,307	323,979,050	9.28	25853
2025-08-18,一	18.71	19.5	18.4	19.09	3.30%	5.95%	22,795,291	433,693,050	12.05	29966
2025-08-19,二	18.91	20.28	18.63	20	4.77%	8.64%	31,366,800	612,380,160	16.57	42345
2025-08-20,三	19.8	20.4	19.64	20.01	0.05%	3.80%	19,912,390	398,380,490	10.52	26759
2025-08-21,四	19.89	20.26	19.42	19.73	-1.40%	4.20%	17,920,541	354,454,440	9.47	22675
2025-08-22,五	19.91	20.15	19.37	19.67	-0.30%	3.95%	15,941,351	313,079,520	8.42	19468
2025-08-25,一	19.68	19.91	19.28	19.49	-0.92%	3.20%	15,067,950	294,374,430	7.96	21408
2025-08-26,二	19.49	19.65	19.25	19.32	-0.87%	2.05%	12,455,990	242,017,200	6.58	19582
2025-08-27,三	19.26	19.38	18.5	18.5	-4.24%	4.55%	16,048,750	305,374,930	8.48	25813
2025-08-28,四	18.53	18.8	17.92	18.58	0.43%	4.76%	12,611,494	231,669,610	6.66	21931
2025-08-29,五	18.57	19.14	18.35	18.7	0.65%	4.25%	11,314,009	211,546,270	5.98	18658
2025-09-01,一	18.95	19.57	18.85	19.31	3.26%	3.85%	18,321,560	351,987,250	9.68	21379
2025-09-02,二	19.33	19.4	17.9	18.45	-4.45%	7.77%	15,530,750	286,197,630	8.21	22667
2025-09-03,三	18.49	19.47	17.89	19.06	3.31%	8.56%	22,727,253	430,389,260	12.01	30360
2025-09-04,四	18.67	19.32	17.81	18.1	-5.04%	7.92%	16,215,200	301,363,510	8.57	25968
2025-09-05,五	18.21	19.99	18.03	19.7	8.84%	10.83%	32,671,837	632,520,020	17.26	39577
2025-09-08,一	19.99	20.56	19.56	20.37	3.40%	5.08%	30,816,152	623,535,280	16.28	39617
2025-09-09,二	20.35	20.78	19.6	19.86	-2.50%	5.79%	22,786,502	457,219,580	12.04	30487
2025-09-10,三	19.9	20.5	19.22	19.23	-3.17%	6.45%	15,335,766	302,245,660	8.1	28107
2025-09-11,四	19.1	19.69	18.68	19.49	1.35%	5.25%	15,307,150	295,058,270	8.09	26564
2025-09-12,五	19.4	21	19.02	20.3	4.16%	10.16%	25,181,458	512,244,860	13.31	40524
2025-09-15,一	20.06	20.38	19.43	19.75	-2.71%	4.68%	18,825,180	372,080,310	9.95	27917
2025-09-16,二	19.63	20.3	19.39	20.3	2.78%	4.61%	16,351,069	325,812,180	8.64	27341
2025-09-17,三	20.71	24.36	20.68	24.36	20.00%	18.13%	33,869,584	790,051,760	17.9	33153
2025-09-18,四	26.79	29.23	26.79	29.23	19.99%	10.02%	90,831,265	2,579,469,200	48	95448
2025-09-19,五	29.3	29.79	26.12	26.61	-8.96%	12.56%	82,983,468	2,269,480,600	43.85	116060
2025-09-22,一	27.77	31.2	27.02	30.5	14.62%	15.71%	85,576,596	2,507,261,600	45.22	134994
2025-09-23,二	30.02	30.88	27.89	29.62	-2.89%	9.80%	70,779,516	2,059,783,100	37.4	120724
2025-09-24,三	28.4	29.48	26.86	28.28	-4.52%	8.85%	60,091,785	1,677,128,300	31.75	94321
2025-09-25,四	27.71	28.78	26.6	26.7	-5.59%	7.71%	44,198,729	1,209,245,260	23.36	62431
2025-09-26,五	26.42	30.69	25.82	29.13	9.10%	18.24%	67,136,092	1,890,987,400	35.48	89706
2025-09-29,一	29.5	32.03	28.88	30.75	5.56%	10.81%	63,544,202	1,939,975,100	33.58	97127
2025-09-30,二	30.7	33.08	28.97	29.1	-5.37%	13.37%	73,315,357	2,242,370,400	38.74	119565
2025-10-09,四	29.87	30.8	28.2	28.28	-2.82%	8.93%	53,320,695	1,566,557,700	28.18	95090
2025-10-10,五	27.64	32.69	27.59	31.58	11.67%	18.03%	72,445,006	2,154,500,100	38.28	125602
2025-10-13,一	32.04	37.9	32.04	37.9	20.01%	18.56%	84,797,351	3,061,167,800	44.81	129109
2025-10-14,二	37.9	44.28	34.96	39.9	5.28%	24.59%	102,930,412	3,927,157,700	54.39	176417
2025-10-15,三	37.65	38	34.6	35.42	-11.23%	8.52%	66,280,727	2,377,821,400	35.02	119177
2025-10-16,四	34.91	35.38	32.76	33.15	-6.41%	7.40%	51,978,989	1,757,090,100	27.47	100749
2025-10-17,五	33.28	33.4	30.5	30.7	-7.39%	8.75%	42,911,550	1,361,066,500	22.68	84794
2025-10-20,一	31.31	31.36	29.72	30.47	-0.75%	5.34%	34,734,292	1,058,081,160	18.35	69658
2025-10-21,二	30.81	30.89	29.68	30.31	-0.53%	3.97%	33,874,356	1,024,338,440	17.9	66949
2025-10-22,三	29.9	30.25	29	29.22	-3.60%	4.12%	34,990,261	1,031,148,320	18.49	68373
2025-10-23,四	29.61	29.83	28.29	28.73	-1.68%	5.27%	27,607,738	797,739,500	14.59	56066
2025-10-24,五	28.85	29.78	28.4	29.46	2.54%	4.80%	31,788,988	931,997,910	16.8	57308
2025-10-27,一	29.62	30.71	28.76	28.93	-1.80%	6.62%	32,341,119	951,427,140	17.09	59916
2025-10-28,二	28.9	29.92	28.5	29.03	0.35%	4.91%	28,218,712	826,304,860	14.91	53851
2025-10-29,三	28.7	30.8	27.99	30.23	4.13%	9.68%	52,086,634	1,533,833,100	27.52	91364
2025-10-30,四	29.77	29.83	28.32	28.4	-6.05%	5.00%	34,026,884	984,501,970	17.98	59177
2025-10-31,五	28.29	28.95	27.8	27.96	-1.55%	4.05%	21,958,339	621,632,880	11.6	35698
2025-11-03,一	27.73	27.93	27.1	27.76	-0.72%	2.97%	20,155,849	552,313,090	10.65	39910
2025-11-04,二	27.84	27.96	27.12	27.38	-1.37%	3.03%	13,684,348	375,256,590	7.23	31680
2025-11-05,三	26.95	27.38	26.58	27.16	-0.80%	2.92%	11,379,757	308,228,880	6.01	27639
2025-11-06,四	27.32	27.85	26.98	27.71	2.03%	3.20%	15,938,561	438,200,370	8.42	34284
2025-11-07,五	27.47	27.73	27.1	27.15	-2.02%	2.27%	12,591,374	343,742,500	6.65	25523
2025-11-10,一	27.06	27.7	27	27.63	1.77%	2.58%	12,648,994	345,984,890	6.68	27336
2025-11-11,二	27.63	28.31	27.5	27.79	0.58%	2.93%	20,561,573	575,439,740	10.87	42775
2025-11-12,三	27.98	28.63	26.8	28.55	2.73%	6.59%	25,415,084	709,569,030	13.43	43885
2025-11-13,四	28.36	28.38	27.63	27.88	-2.35%	2.63%	18,822,919	527,072,320	9.95	29498
2025-11-14,五	27.7	30.6	26.99	29.58	6.10%	12.95%	45,716,971	1,333,138,550	24.16	66854
2025-11-17,一	28.9	31.6	28.9	31.05	4.97%	9.13%	42,996,436	1,327,158,050	22.72	62476
2025-11-18,二	30.9	33.35	30.1	32.74	5.44%	10.47%	49,099,806	1,577,332,900	25.95	70642
2025-11-19,三	32	32.42	30.37	30.63	-6.44%	6.26%	35,859,785	1,121,281,060	18.95	52269
2025-11-20,四	30.5	33.08	29.03	32.03	4.57%	13.22%	41,926,285	1,290,961,050	22.15	61595
2025-11-21,五	31.12	33.93	30.89	31.68	-1.09%	9.49%	48,962,518	1,596,993,500	25.87	69645
2025-11-24,一	31.29	32.88	30.4	32.02	1.07%	7.83%	34,065,202	1,080,905,290	18	51611
2025-11-25,二	32.48	35.35	31.72	34.21	6.84%	11.34%	52,945,294	1,785,802,100	27.98	80228
2025-11-26,三	33.45	33.8	32.6	32.8	-4.12%	3.51%	37,738,505	1,244,593,240	19.94	59548
2025-11-27,四	32	32.3	30.18	30.21	-7.90%	6.46%	38,279,620	1,190,782,140	20.23	54000
2025-11-28,五	29.7	31.03	29.4	29.73	-1.59%	5.40%	22,864,760	689,428,880	12.08	36316
2025-12-01,一	29.44	30.98	29.18	30.41	2.29%	6.05%	22,135,284	665,366,780	11.7	34790
2025-12-02,二	30.02	30.83	29.49	29.66	-2.47%	4.41%	16,129,683	483,766,530	8.52	25712
2025-12-03,三	29.34	29.61	28.4	28.65	-3.41%	4.08%	17,180,942	495,222,420	9.08	29162
2025-12-04,四	28.98	30.86	28.72	30.46	6.32%	7.47%	26,181,293	781,367,470	13.83	43250
2025-12-05,五	30	30	28.88	29.12	-4.40%	3.68%	21,291,263	621,839,100	11.25	32990
2025-12-08,一	29	29.35	28.2	29.12	0.00%	3.95%	19,066,624	549,671,860	10.08	30846
2025-12-09,二	28.83	28.99	27.67	27.68	-4.95%	4.53%	21,385,594	605,000,360	11.3	32292
2025-12-10,三	27.5	27.96	27.08	27.62	-0.22%	3.18%	12,593,405	347,200,970	6.65	20181
2025-12-11,四	27.73	28.99	27.31	28.4	2.82%	6.08%	20,181,000	570,888,090	10.66	29475
2025-12-12,五	28.85	29.2	28.21	28.4	0.00%	3.49%	14,257,623	407,327,630	7.53	21697
2025-12-15,一	28.38	29.15	27.7	28.3	-0.35%	5.11%	12,824,811	365,909,950	6.78	19398
2025-12-16,二	27.8	28	27.03	27.39	-3.22%	3.43%	12,074,880	331,922,530	6.38	19096
2025-12-17,三	27.29	27.31	25.71	26.78	-2.23%	5.84%	16,302,257	431,319,320	8.61	24385
2025-12-18,四	28.46	28.65	27.15	27.15	1.38%	5.60%	19,592,027	549,174,640	10.35	32559
2025-12-19,五	26.87	27.23	26.57	26.83	-1.18%	2.43%	12,537,604	337,061,100	6.63	22905
2025-12-22,一	26.9	27.8	26.8	27.33	1.86%	3.73%	12,304,229	337,150,930	6.5	23411
2025-12-23,二	26.93	28.09	26.93	27.82	1.79%	4.24%	14,440,174	400,583,870	7.63	26429
2025-12-24,三	27.69	28.2	27.5	28.07	0.90%	2.52%	11,248,044	314,473,280	5.94	18498
2025-12-25,四	27.91	28.23	27.59	27.94	-0.46%	2.28%	13,516,956	377,462,550	7.14	23036
2025-12-26,五	27.94	27.94	27.06	27.25	-2.47%	3.15%	13,865,766	379,723,730	7.33	23468
2025-12-29,一	27.66	27.88	26.96	27.27	0.07%	3.38%	10,877,589	297,497,270	5.75	17580
2025-12-30,二	26.95	27.98	26.95	27.62	1.28%	3.78%	12,929,652	357,823,850	6.83	22801
2025-12-31,三	27.62	28.9	27.62	28.01	1.41%	4.63%	24,066,924	681,667,120	12.72	37319
2026-01-05,一	27.95	28.76	27.6	28.73	2.57%	4.14%	18,846,464	536,086,390	9.96	30360
2026-01-06,二	28.42	30.08	28.25	29.81	3.76%	6.37%	30,521,940	887,975,630	16.13	48130
2026-01-07,三	29.6	32.32	29.56	30.87	3.56%	9.26%	42,497,167	1,319,687,110	22.46	68837
2026-01-08,四	30.68	31.01	29.98	30.1	-2.49%	3.34%	23,674,212	718,790,200	12.51	39725
2026-01-09,五	30	30.38	29.57	29.88	-0.73%	2.69%	21,495,133	641,797,300	11.36	35097
2026-01-12,一	30.08	30.32	29.65	30	0.40%	2.24%	21,810,523	653,940,730	11.53	32549
2026-01-13,二	30	30.1	28.55	28.62	-4.60%	5.17%	24,687,019	720,568,360	13.05	43243
2026-01-14,三	28.74	29.66	28	28.42	-0.70%	5.80%	27,194,969	777,850,810	14.37	46221
2026-01-15,四	28.18	28.46	27.65	28.27	-0.53%	2.85%	15,695,427	440,224,880	8.29	28506
2026-01-16,五	28.5	29.43	28.25	29.19	3.25%	4.17%	22,734,478	656,112,580	12.01	37884
2026-01-19,一	29.19	29.29	28.38	28.58	-2.09%	3.12%	15,429,515	442,646,310	8.15	24214
2026-01-20,二	28.4	28.4	27.29	27.49	-3.81%	3.88%	16,239,593	450,321,110	8.58	27500
2026-01-21,三	27.08	28.09	26.75	27.69	0.73%	4.87%	12,240,991	336,473,080	6.47	20366
2026-01-22,四	27.63	28.27	26.99	27.1	-2.13%	4.62%	13,535,489	368,826,750	7.15	22874
2026-01-23,五	27.05	27.4	26.88	27.37	1.00%	1.92%	10,357,530	282,117,160	5.47	16510
2026-01-26,一	27	27.29	24.5	24.79	-9.43%	10.19%	26,125,596	666,415,050	13.81	39460
2026-01-27,二	24.55	25.98	24.41	25.77	3.95%	6.33%	14,123,141	356,607,250	7.46	25769
2026-01-28,三	25.56	25.83	24.94	25.28	-1.90%	3.45%	8,761,067	221,313,500	4.63	16455
2026-01-29,四	25.12	25.57	24.37	24.39	-3.52%	4.75%	9,027,881	224,306,100	4.77	16175
2026-01-30,五	24.34	24.46	23.79	24.08	-1.27%	2.75%	8,012,074	192,768,290	4.23	15963
2026-02-02,一	23.87	24.29	23.72	23.76	-1.33%	2.37%	6,005,671	144,251,640	3.17	11061
2026-02-03,二	24.21	24.27	23.87	24.24	2.02%	1.68%	6,282,641	151,571,430	3.32	9803
2026-02-04,三	24.07	24.43	23.95	24.34	0.41%	1.98%	6,009,896	145,482,700	3.18	10427
2026-02-05,四	24.21	24.26	23.77	23.82	-2.14%	2.01%	4,675,752	112,053,594	2.47	9533
2026-02-06,五	23.7	24.35	23.6	24.02	0.84%	3.15%	5,524,024	133,128,060	2.92	10684
2026-02-09,一	24.48	24.92	24.2	24.76	3.08%	3.00%	6,924,603	170,720,560	3.66	14357
2026-02-10,二	24.71	25.15	24.7	24.73	-0.12%	1.82%	5,435,138	135,214,220	2.87	10313
2026-02-11,三	24.78	24.9	24.41	24.43	-1.21%	1.98%	4,141,286	101,993,526	2.19	7710
2026-02-12,四	24.18	24.63	23.91	24.21	-0.90%	2.95%	6,261,982	152,256,350	3.31	11843
2026-02-13,五	24.13	26.6	24.09	25.44	5.08%	10.37%	16,994,247	431,534,840	8.98	32851
2026-02-24,二	26.15	26.56	25.6	26.36	3.62%	3.77%	17,379,777	455,718,710	9.18	27516
2026-02-25,三	26.31	26.49	25.68	26.22	-0.53%	3.07%	12,984,277	338,467,540	6.86	23380
2026-02-26,四	26.42	27.18	26.21	26.61	1.49%	3.70%	15,412,053	412,187,360	8.14	24688
2026-02-27,五	27.16	27.16	26.12	26.53	-0.30%	3.91%	10,993,957	292,295,910	5.81	20379
2026-03-02,一	25.71	26.5	25.56	25.7	-3.13%	3.54%	11,177,996	289,840,440	5.91	21971
2026-03-03,二	25.7	25.91	23.98	24.09	-6.26%	7.51%	10,754,513	267,202,720	5.68	21801
2026-03-04,三	24.17	24.89	23.74	24.2	0.46%	4.77%	7,143,765	173,584,530	3.77	17085
2026-03-05,四	24.65	24.86	24.03	24.26	0.25%	3.43%	5,646,328	138,045,870	2.98	11291
2026-03-06,五	24.01	25.83	23.91	25.22	3.96%	7.91%	13,199,696	330,140,600	6.98	23343
2026-03-09,一	24.5	24.5	23.52	24.4	-3.25%	3.89%	11,974,596	287,131,900	6.33	26647
2026-03-10,二	24.84	25.26	24.68	25.21	3.32%	2.38%	8,036,621	201,496,230	4.25	19651
2026-03-11,三	25.28	25.54	24.7	24.83	-1.51%	3.33%	6,674,252	167,184,320	3.53	15422
2026-03-12,四	24.72	24.72	23.93	23.94	-3.58%	3.18%	7,354,307	177,876,680	3.89	14357
2026-03-13,五	23.75	24.06	23.31	23.38	-2.34%	3.13%	6,295,542	149,057,430	3.33	11530
2026-03-16,一	23.3	25.1	23.09	24.26	3.76%	8.60%	10,275,779	247,836,770	5.43	18029
2026-03-17,二	24.51	24.6	23.42	23.5	-3.13%	4.86%	8,438,995	202,197,790	4.46	16215
2026-03-18,三	23.5	24	23.38	24	2.13%	2.64%	6,204,714	147,370,810	3.28	11887
2026-03-19,四	23.55	23.68	22.82	22.94	-4.42%	3.58%	8,399,609	194,780,360	4.44	14181
2026-03-20,五	23.02	23.3	22.21	22.21	-3.18%	4.75%	6,577,906	149,467,080	3.48	11711
2026-03-23,一	21.58	21.98	20.35	20.6	-7.25%	7.34%	11,466,779	242,896,240	6.06	17144
2026-03-24,二	21.02	21.62	20.66	21.59	4.81%	4.66%	9,700,143	205,268,770	5.13	21763
2026-03-25,三	21.79	22.21	21.6	21.78	0.88%	2.83%	7,002,140	153,458,460	3.7	17972
2026-03-26,四	21.69	21.88	20.96	21.06	-3.31%	4.22%	4,905,243	104,770,366	2.59	11552
2026-03-27,五	20.69	21.59	20.62	21.47	1.95%	4.61%	4,849,846	103,159,965	2.56	11483
2026-03-30,一	21.18	21.98	20.98	21.88	1.91%	4.66%	6,061,006	131,300,150	3.2	13948
2026-03-31,二	21.88	22.12	21.44	21.44	-2.01%	3.11%	4,799,656	104,362,283	2.54	11511
2026-04-01,三	21.99	22.33	21.51	21.96	2.43%	3.82%	7,592,381	166,180,140	4.01	16259
2026-04-02,四	21.7	21.95	21	21.19	-3.51%	4.33%	5,846,845	125,090,517	3.09	10752
2026-04-03,五	21.23	21.4	20.8	20.93	-1.23%	2.83%	4,309,277	90,460,136	2.28	10097
